Timestamp,Service_Type,Region,Azure_Demand,Service_Type_Encoded,Region_Encoded,Usage_Hours,U_Lag_1,U_Lag_2,U_Lag_3,U_Lag_4,U_Lag_5,U_Lag_6,U_Lag_7,U_Lag_14,U_Lag_21,U_Lag_28,U_Lag_30,U_Roll7_Mean,U_Roll7_Std,U_Roll14_Mean,U_Roll14_Std,U_Roll30_Mean,U_Roll30_Std,U_Roll7_Min,U_Roll7_Max,U_EWM_3,U_EWM_7,U_EWM_14,U_Growth,D_Lag_1,D_Lag_2,D_Lag_3,D_Lag_4,D_Lag_5,D_Lag_6,D_Lag_7,D_Lag_14,D_Lag_21,D_Lag_28,D_Lag_30,D_Roll7_Mean,D_Roll7_Std,D_Roll14_Mean,D_Roll14_Std,D_Roll30_Mean,D_Roll30_Std,D_Roll7_Min,D_Roll7_Max,D_EWM_3,D_EWM_7,D_EWM_14,D_Growth,D_Mom_1_7,D_Mom_7_28,D_Ratio_7,D_Ratio_30,DOW,Month,Quarter,WOY,DOM,Year,Is_Weekend,Is_MonFri,DOW_sin,DOW_cos,Month_sin,Month_cos,WOY_sin,WOY_cos,Spike,U_x_D_EWM7,U_x_DOW_sin
2022-12-05,AI,East,170.82958778423762,0,0,461.0,461.0,265.0,491.0,343.0,460.5,578.0,586.0,363.5,343.0,377.0,243.0,454.92857142857144,117.11548025041658,412.10714285714283,100.22343856285632,423.95,100.03907426256175,265.0,586.0,410.54415245194184,418.4105136556407,424.4262094471877,0.739622641509434,171.0,144.5,118.0,145.0,104.0,116.0,122.0,132.0,163.0,197.0,137.0,131.5,23.023538679649864,141.78571428571428,26.93276120960542,146.06666666666666,25.861278915135593,104.0,171.0,152.55143688398346,141.77315875062573,140.26111083451974,0.18339100346020754,49.0,-75.0,1.3003802182480593,1.1706983032585694,0,12,4,49,5,2022,0,1,0.0,1.0,-2.4492935982947064e-16,1.0,-0.35460488704253595,0.9350162426854147,0,65357.42618403846,0.0
2022-12-06,AI,East,171.86909834965653,0,0,461.0,461.0,461.0,265.0,491.0,343.0,460.5,578.0,374.0,358.0,535.0,406.0,437.07142857142856,102.40541512839566,419.07142857142856,99.97323817726598,431.21666666666664,94.18842846906017,265.0,578.0,435.7720762259709,429.05788524173056,429.3027148542294,0.0,170.82958778423762,171.0,144.5,118.0,145.0,104.0,116.0,143.0,146.0,160.0,198.0,138.47565539774823,26.759571800513783,144.55925627030268,27.831841248427747,147.19431959280791,26.18779424217361,104.0,171.0,161.69051233411054,149.0372660090287,144.33690776114878,-0.0009965626652771453,54.82958778423762,-44.0,1.2336434592774785,1.1605718691878968,1,12,4,49,6,2022,0,0,0.7818314824680298,0.6234898018587336,-2.4492935982947064e-16,1.0,-0.35460488704253595,0.9350162426854147,0,68706.17963016224,360.42431341776177
2022-12-07,AI,East,173.55402478221498,0,0,461.0,461.0,461.0,461.0,265.0,491.0,343.0,460.5,360.0,462.0,431.0,377.0,420.35714285714283,83.34402312389408,425.2857142857143,99.65955785837839,433.05,94.2159432660802,265.0,491.0,448.3860381129855,437.0434139312979,433.5290195403321,0.0,171.86909834965653,170.82958778423762,171.0,144.5,118.0,145.0,104.0,194.0,147.0,162.0,197.0,146.4569551619849,27.265689742540626,146.62133472384957,28.761370839283867,146.32328953779646,24.839542443452245,104.0,171.86909834965653,166.77980534188353,154.74522409418566,148.00786650628314,0.006085073311374201,67.86909834965653,-58.0,1.1735127019816334,1.174584700207117,2,12,4,49,7,2022,0,0,0.9749279121818236,-0.22252093395631434,-2.4492935982947064e-16,1.0,-0.35460488704253595,0.9350162426854147,0,71337.5483074196,449.4417675158207
2022-12-08,AI,East,174.09807017412814,0,0,461.0,461.0,461.0,461.0,461.0,265.0,491.0,343.0,337.0,520.0,281.0,535.0,420.42857142857144,83.38436532679482,432.5,98.21522676871835,435.85,93.73974886482989,265.0,491.0,454.69301905649274,443.0325604484734,437.19181693495455,0.0,173.55402478221498,171.86909834965653,170.82958778423762,171.0,144.5,118.0,145.0,192.0,132.0,159.0,160.0,156.39324441658704,21.217352387993895,145.16090792257924,26.609116285526625,145.54175703053696,23.524120682079676,118.0,173.55402478221498,170.16691506204927,159.44742426619297,151.41402094307404,0.009803544957980748,28.55402478221498,-14.0,1.109728392168834,1.1924689321521087,3,12,4,49,8,2022,0,0,0.43388373911755823,-0.900968867902419,-2.4492935982947064e-16,1.0,-0.35460488704253595,0.9350162426854147,0,73505.26258671496,200.02040373319434
2022-12-09,AI,East,175.548314406843,0,0,461.0,461.0,461.0,461.0,461.0,461.0,265.0,491.0,457.0,578.0,509.0,431.0,437.2857142857143,76.78913613637953,441.35714285714283,94.4598874108493,433.3833333333333,91.99818994971037,265.0,491.0,457.8465095282464,447.5244203363551,440.3662413436273,0.0,174.09807017412814,173.55402478221498,171.86909834965653,170.82958778423762,171.0,144.5,118.0,133.0,168.0,115.0,162.0,160.55011158431964,21.46219264332611,143.88219864930267,24.53436107289011,146.01169270300792,23.95969345738898,118.0,174.09807017412814,172.1324926180887,163.11008574317677,154.4385608405479,0.0031347322114589904,56.09807017412814,3.0,1.0843846034844307,1.192357034966314,4,12,4,49,9,2022,0,1,-0.433883739117558,-0.9009688679024191,-2.4492935982947064e-16,1.0,-0.35460488704253595,0.9350162426854147,0,75193.7495276045,-200.02040373319423
2022-12-10,AI,East,175.64556750831517,0,0,461.0,461.0,461.0,461.0,461.0,461.0,461.0,265.0,267.0,577.0,502.0,281.0,433.0,74.08103670980854,441.64285714285717,94.51687447455907,434.3833333333333,92.13433626797466,265.0,461.0,459.42325476412316,450.89331525226635,443.11740916447695,0.0,175.548314406843,174.09807017412814,173.55402478221498,171.86909834965653,170.82958778423762,171.0,144.5,134.5,115.0,129.0,159.0,168.77129935672573,10.840301899999723,146.9213639640772,25.690708632760234,146.463303183236,24.395171863517593,144.5,175.548314406843,173.84040351246585,166.21964290909332,157.25319464938724,0.008330041977285374,31.04831440684299,15.5,1.040155014719878,1.1985822345453818,5,12,4,49,10,2022,1,0,-0.9749279121818236,-0.2225209339563146,-2.4492935982947064e-16,1.0,-0.35460488704253595,0.9350162426854147,0,76627.25538109202,-449.4417675158207
2022-12-11,AI,East,177.05794831685,0,0,461.0,461.0,461.0,461.0,461.0,461.0,461.0,461.0,426.5,353.0,474.0,509.0,461.0,0.0,455.5,80.05815194162112,440.3833333333333,87.54808366847894,461.0,461.0,460.2116273820616,453.41998643919976,445.5017546092133,0.0,175.64556750831517,175.548314406843,174.09807017412814,173.55402478221498,171.86909834965653,170.82958778423762,171.0,136.0,123.0,146.0,115.0,173.22066614362794,2.027083628609892,149.86033307181398,26.501127211714916,147.0181554335132,24.874726025689593,170.82958778423762,175.64556750831517,174.7429855103905,168.57612405889878,159.7055110305776,0.0005539962135254761,4.6455675083151675,25.0,1.0139989090486332,1.1947202425147285,6,12,4,49,11,2022,1,0,-0.7818314824680299,0.6234898018587334,-2.4492935982947064e-16,1.0,-0.35460488704253595,0.9350162426854147,0,77713.59319115234,-360.42431341776177
2022-12-12,AI,East,178.91502951590923,0,0,461.0,461.0,461.0,461.0,461.0,461.0,461.0,461.0,586.0,363.5,343.0,502.0,461.0,0.0,457.9642857142857,79.62664423751309,438.78333333333336,86.68518977562881,461.0,461.0,460.6058136910308,455.3149898293998,447.5681873279849,0.0,177.05794831685,175.64556750831517,175.548314406843,174.09807017412814,173.55402478221498,171.86909834965653,170.82958778423762,122.0,132.0,163.0,129.0,174.08608733174938,2.206245217173122,152.79304366587468,27.11402848306451,149.08675371074153,24.7000361334882,170.82958778423762,177.05794831685,175.90046691362025,170.69658012338658,162.01916933541395,0.00804108426173622,6.228360532612385,7.829587784237617,1.017071208926455,1.1876168923280828,0,12,4,50,12,2022,0,1,0.0,1.0,-2.4492935982947064e-16,1.0,-0.2393156642875578,0.970941817426052,0,78691.12343688121,0.0
2022-12-13,AI,East,180.0061933835185,0,0,461.0,461.0,461.0,461.0,461.0,461.0,461.0,461.0,578.0,374.0,358.0,474.0,461.0,0.0,449.0357142857143,70.66999806405563,437.4166666666667,85.97444320876684,461.0,461.0,460.8029068455154,456.73624237204984,449.3590956842536,0.0,178.91502951590923,177.05794831685,175.64556750831517,175.548314406843,174.09807017412814,173.55402478221498,171.86909834965653,116.0,143.0,146.0,146.0,175.24115043627384,2.330229088765511,156.85840291701106,26.399276785425208,150.7505880279385,24.979895218502634,171.86909834965653,178.91502951590923,177.40774821476475,172.75119247151724,164.27195069281333,0.01048855031199114,7.0459311662527,25.869098349656525,1.0209646994985158,1.1868280626270125,1,12,4,50,13,2022,0,0,0.7818314824680298,0.6234898018587336,-2.4492935982947064e-16,1.0,-0.2393156642875578,0.970941817426052,0,79638.29972936945,360.42431341776177
2022-12-14,AI,East,182.05612520137933,0,0,461.0,461.0,461.0,461.0,461.0,461.0,461.0,461.0,460.5,360.0,462.0,343.0,461.0,0.0,440.67857142857144,60.42083413692829,436.98333333333335,85.81631178171253,461.0,461.0,460.9014534227577,457.80218177903737,450.9112162596865,0.0,180.0061933835185,178.91502951590923,177.05794831685,175.64556750831517,175.548314406843,174.09807017412814,173.55402478221498,104.0,194.0,147.0,163.0,176.40359258396842,2.396379297462526,161.43027387297667,24.23247447654913,151.88412780738912,25.522562549604736,173.55402478221498,180.0061933835185,178.70697079914163,174.56494269951756,166.3698497182407,0.006098782592841134,6.452168601303526,26.55402478221498,1.020422485315387,1.1851547281269408,2,12,4,50,14,2022,0,0,0.9749279121818236,-0.22252093395631434,-2.4492935982947064e-16,1.0,-0.2393156642875578,0.970941817426052,0,80474.4385844776,449.4417675158207
2022-12-15,AI,East,182.5301252588951,0,0,461.0,461.0,461.0,461.0,461.0,461.0,461.0,461.0,343.0,337.0,520.0,358.0,461.0,0.0,440.7142857142857,60.43359810750789,440.9166666666667,84.04607555437644,461.0,461.0,460.9507267113788,458.60163633427806,452.2563874250617,0.0,182.05612520137933,180.0061933835185,178.91502951590923,177.05794831685,175.64556750831517,175.548314406843,174.09807017412814,145.0,192.0,132.0,146.0,177.6181783581347,2.827258994688891,167.00571138736092,18.241455296947382,152.51933198076844,26.04062943233942,174.09807017412814,182.05612520137933,180.38154800026047,176.437738324983,168.46135311599252,0.011388118260427182,7.958055027251191,42.09807017412814,1.0249858762165123,1.1936593325144902,3,12,4,50,15,2022,0,0,0.43388373911755823,-0.900968867902419,-2.4492935982947064e-16,1.0,-0.2393156642875578,0.970941817426052,0,81337.79736781717,200.02040373319434
2022-12-16,AI,East,182.3768458027954,0,0,461.0,461.0,461.0,461.0,461.0,461.0,461.0,461.0,491.0,457.0,578.0,462.0,461.0,0.0,449.14285714285717,53.599450546634344,444.35,82.63402384340077,461.0,461.0,460.9753633556894,459.20122725070854,453.42220243505346,0.0,182.5301252588951,182.05612520137933,180.0061933835185,178.91502951590923,177.05794831685,175.64556750831517,175.548314406843,118.0,133.0,168.0,147.0,178.82275765595864,2.873422531693216,169.68643462013915,17.501444338720137,153.7370028227316,26.57389269180159,175.548314406843,182.5301252588951,181.4558366295778,177.96083505846104,170.33718940171286,0.0026035930238077487,6.981810852052121,7.548314406842991,1.0207320736510344,1.1872881656348904,4,12,4,50,16,2022,0,1,-0.433883739117558,-0.9009688679024191,-2.4492935982947064e-16,1.0,-0.2393156642875578,0.970941817426052,0,82039.94496195055,-200.02040373319423
2022-12-17,AI,East,182.84541221687587,0,0,461.0,461.0,461.0,461.0,461.0,461.0,461.0,461.0,265.0,267.0,577.0,520.0,461.0,0.0,447.0,52.38320341483518,444.31666666666666,82.62685997002274,461.0,461.0,460.9876816778447,459.6509204380314,454.43257544371306,0.0,182.3768458027954,182.5301252588951,182.05612520137933,180.0061933835185,178.91502951590923,177.05794831685,175.64556750831517,144.5,134.5,115.0,132.0,179.7982621410947,2.7321433354912745,174.28478074891024,9.508859002167572,154.9162310161581,27.045375304827523,175.64556750831517,182.5301252588951,181.9163412161866,179.06483774454463,171.9424769218572,-0.0008397488134208597,6.731278294480234,60.64556750831517,1.0143415326524994,1.1772610489504618,5,12,4,50,17,2022,1,0,-0.9749279121818236,-0.2225209339563146,-2.4492935982947064e-16,1.0,-0.2393156642875578,0.970941817426052,0,82548.89020023508,-449.4417675158207
2022-12-18,AI,East,182.4898276475416,0,0,461.0,461.0,461.0,461.0,461.0,461.0,461.0,461.0,461.0,426.5,353.0,578.0,461.0,0.0,461.0,0.0,442.35,81.45721851546284,461.0,461.0,460.9938408389223,459.98819032852356,455.30823205121806,0.0,182.84541221687587,182.3768458027954,182.5301252588951,182.05612520137933,180.0061933835185,178.91502951590923,177.05794831685,171.0,136.0,123.0,168.0,180.8268113851748,2.2144412114101413,177.02373876440134,4.442486886014063,156.61107809005398,27.152714829930346,177.05794831685,182.84541221687587,182.38087671653125,180.00998136262743,173.3962016278597,0.0025692209557519607,5.78746390002587,54.05794831685,1.01116316659612,1.1675126260495066,6,12,4,50,18,2022,1,0,-0.7818314824680299,0.6234898018587334,-2.4492935982947064e-16,1.0,-0.2393156642875578,0.970941817426052,0,82984.60140817125,-360.42431341776177
2022-12-19,AI,East,180.9384009381676,0,0,461.0,461.0,461.0,461.0,461.0,461.0,461.0,461.0,461.0,586.0,363.5,577.0,461.0,0.0,461.0,0.0,438.45,77.4404498686705,461.0,461.0,460.99692041946116,460.24114274639265,456.067134444389,0.0,182.4898276475416,182.84541221687587,182.3768458027954,182.5301252588951,182.05612520137933,180.0061933835185,178.91502951590923,170.82958778423762,122.0,132.0,115.0,181.60279414670214,1.51485691351528,177.84444073922577,4.303191492344317,157.09407234497203,27.48907707166729,178.91502951590923,182.84541221687587,182.4353521820364,180.62994293385597,174.60868509715064,-0.0019447278716104854,3.5747981316323774,46.915029515909225,1.0048844650222641,1.1616595315267022,0,12,4,51,19,2022,0,1,0.0,1.0,-2.4492935982947064e-16,1.0,-0.12053668025532363,0.992708874098054,0,83270.4036925076,0.0
2022-12-20,AI,East,177.99659953708593,0,0,461.0,461.0,461.0,461.0,461.0,461.0,461.0,461.0,461.0,578.0,374.0,353.0,461.0,0.0,461.0,0.0,434.5833333333333,73.05584582492631,461.0,461.0,460.9984602097306,460.4308570597945,456.7248498518038,0.0,180.9384009381676,182.4898276475416,182.84541221687587,182.3768458027954,182.5301252588951,182.05612520137933,180.0061933835185,171.86909834965653,116.0,143.0,123.0,181.8918472070248,1.032894535902425,178.5664988216493,3.8609705709657276,159.29201904291094,26.629995648009398,180.0061933835185,182.84541221687587,181.686876560102,180.70705743493386,175.45264720928623,-0.008501442131724768,0.9322075546490964,37.00619338351851,0.9947581638305637,1.1358911820530964,1,12,4,51,20,2022,0,0,0.7818314824680298,0.6234898018587336,-2.4492935982947064e-16,1.0,-0.12053668025532363,0.992708874098054,0,83305.9534775045,360.42431341776177
2022-12-21,AI,East,176.93100277836908,0,0,461.0,461.0,461.0,461.0,461.0,461.0,461.0,461.0,461.0,460.5,360.0,363.5,461.0,0.0,461.0,0.0,438.18333333333334,71.54230522412324,461.0,461.0,460.9992301048653,460.57314279484586,457.29486987156326,0.0,177.99659953708593,180.9384009381676,182.4898276475416,182.84541221687587,182.3768458027954,182.5301252588951,182.05612520137933,173.55402478221498,104.0,194.0,132.0,181.6047623718201,1.7049714994495435,179.00417747789425,3.3578834264672817,161.12523902748043,25.92926265828942,177.99659953708593,182.84541221687587,179.84173804859398,180.02944296047187,175.79184085299286,-0.016258579637204673,-4.059525664293403,-11.94387479862067,0.9801317775605546,1.1047096004743144,2,12,4,51,21,2022,0,0,0.9749279121818236,-0.22252093395631434,-2.4492935982947064e-16,1.0,-0.12053668025532363,0.992708874098054,0,82993.57320477754,449.4417675158207
2022-12-22,AI,East,175.5497356977552,0,0,461.0,461.0,461.0,461.0,461.0,461.0,461.0,461.0,461.0,343.0,337.0,374.0,461.0,0.0,461.0,0.0,441.43333333333334,70.23528601991202,461.0,461.0,460.99961505243266,460.6798570961344,457.78888722202146,0.0,176.93100277836908,177.99659953708593,180.9384009381676,182.4898276475416,182.84541221687587,182.3768458027954,182.5301252588951,174.09807017412814,145.0,192.0,143.0,180.8726020256758,2.426570138069236,179.24539019190527,3.0427628294995173,162.62293912009275,25.482734283535507,176.93100277836908,182.84541221687587,178.38637041348153,179.25483291494618,175.9437291097097,-0.005986613011080721,-5.5991224805260345,-9.469874741104888,0.9782078646441154,1.0879830523769292,3,12,4,51,22,2022,0,0,0.43388373911755823,-0.900968867902419,-2.4492935982947064e-16,1.0,-0.12053668025532363,0.992708874098054,0,82636.47797379018,200.02040373319434
2022-12-23,AI,East,174.20657457693804,0,0,461.0,461.0,461.0,461.0,461.0,461.0,461.0,461.0,461.0,491.0,457.0,360.0,461.0,0.0,461.0,0.0,444.3333333333333,69.14257300895629,461.0,461.0,460.99980752621633,460.7598928221008,458.2170355924186,0.0,175.5497356977552,176.93100277836908,177.99659953708593,180.9384009381676,182.4898276475416,182.84541221687587,182.3768458027954,175.548314406843,118.0,133.0,194.0,179.87540351694153,2.9987259635082846,179.3490805864501,2.873910606706495,163.70793031001796,25.31079148612984,175.5497356977552,182.84541221687587,176.96805305561838,178.32855861064843,175.89119665478245,-0.007806812027986387,-6.827110105040191,49.3768458027954,0.9759518605069827,1.0723349461017384,4,12,4,51,23,2022,0,1,-0.433883739117558,-0.9009688679024191,-2.4492935982947064e-16,1.0,-0.12053668025532363,0.992708874098054,0,82209.46551950893,-200.02040373319423
2022-12-24,AI,East,174.2137820125624,0,0,461.0,461.0,461.0,461.0,461.0,461.0,461.0,461.0,461.0,265.0,267.0,337.0,461.0,0.0,461.0,0.0,447.7,67.3298109924264,461.0,461.0,460.99990376310814,460.8199196165756,458.5880975134295,0.0,174.20657457693804,175.5497356977552,176.93100277836908,177.99659953708593,180.9384009381676,182.4898276475416,182.84541221687587,175.64556750831517,144.5,134.5,192.0,178.70822191324763,3.422873115645806,179.25324202717118,3.0286156062188185,163.04814946258253,24.745603250230875,174.20657457693804,182.84541221687587,175.5873138162782,177.29806260222082,175.66658037773652,-0.007651171421469427,-8.638837639937833,48.34541221687587,0.9748100660231238,1.0684363734436608,5,12,4,51,24,2022,1,0,-0.9749279121818236,-0.2225209339563146,-2.4492935982947064e-16,1.0,-0.12053668025532363,0.992708874098054,0,81734.4068596238,-449.4417675158207
2022-12-25,AI,East,173.88021577211168,0,0,461.0,461.0,461.0,461.0,461.0,461.0,461.0,461.0,461.0,461.0,426.5,457.0,461.0,0.0,461.0,0.0,451.8333333333333,64.02468992146882,461.0,461.0,460.99995188155407,460.8649397124317,458.90968451163894,0.0,174.2137820125624,174.20657457693804,175.5497356977552,176.93100277836908,177.99659953708593,180.9384009381676,182.4898276475416,177.05794831685,171.0,136.0,133.0,177.47513188405998,3.2335849936442282,179.1509716346174,3.180191998475183,162.45527552966797,24.23585135916851,174.20657457693804,182.4898276475416,174.90054791442032,176.52699245480622,175.47287392904664,4.13729254584716e-05,-8.276045634979198,46.4898276475416,0.9816236178077515,1.0723799542500367,6,12,4,51,25,2022,1,0,-0.7818314824680299,0.6234898018587334,-2.4492935982947064e-16,1.0,-0.12053668025532363,0.992708874098054,0,81378.94352166567,-360.42431341776177
2022-12-26,AI,East,172.42594195300597,0,0,461.0,461.0,461.0,461.0,461.0,461.0,461.0,461.0,461.0,461.0,586.0,267.0,461.0,0.0,461.0,0.0,451.96666666666664,64.03998391809516,461.0,461.0,460.99997594077706,460.89870478432374,459.1883932434205,0.0,173.88021577211168,174.2137820125624,174.20657457693804,175.5497356977552,176.93100277836908,177.99659953708593,180.9384009381676,178.91502951590923,170.82958778423762,122.0,134.5,176.24518733042714,2.579513341805456,178.92399073856464,3.4435660305310085,163.81794938873833,23.665140843863163,173.88021577211168,180.9384009381676,174.390381843266,175.8652982841326,175.26051950812197,-0.0019146949029937854,-7.058185166055921,58.938400938167604,0.9865813496486407,1.061423460368633,0,12,4,52,26,2022,0,1,0.0,1.0,-2.4492935982947064e-16,1.0,6.432490598706546e-16,1.0,0,81073.90250898512,0.0
2022-12-27,AI,East,168.7429089558465,0,0,461.0,461.0,461.0,461.0,461.0,461.0,461.0,461.0,461.0,461.0,578.0,426.5,461.0,0.0,461.0,0.0,458.43333333333334,53.67426233104289,461.0,461.0,460.99998797038853,460.9240285882428,459.42994081096447,0.0,172.42594195300597,173.88021577211168,174.2137820125624,174.20657457693804,175.5497356977552,176.93100277836908,177.99659953708593,180.0061933835185,171.86909834965653,116.0,136.0,175.02912176111835,1.9205905118989781,178.46048448407151,3.8567895789391997,165.08214745383856,23.04997368599613,172.42594195300597,177.99659953708593,173.40816189813597,175.00545920135096,174.8825758341065,-0.008363653177263619,-5.570657584079953,61.99659953708593,0.9851271561723747,1.0444856913236802,1,12,4,52,27,2022,0,0,0.7818314824680298,0.6234898018587336,-2.4492935982947064e-16,1.0,6.432490598706546e-16,1.0,0,80677.51669182279,360.42431341776177
2022-12-28,AI,East,165.74521068595445,0,0,461.0,461.0,461.0,461.0,461.0,461.0,461.0,461.0,461.0,461.0,460.5,586.0,461.0,0.0,461.0,0.0,459.5833333333333,53.33499907599868,461.0,461.0,460.99999398519424,460.94302144118205,459.6392820361692,0.0,168.7429089558465,172.42594195300597,173.88021577211168,174.2137820125624,174.20657457693804,175.5497356977552,176.93100277836908,182.05612520137933,173.55402478221498,104.0,122.0,173.70716596379842,2.601588766446573,177.65596416780926,4.61063363846436,166.17357775236678,22.391216406084958,168.7429089558465,176.93100277836908,171.07553542699122,173.43982163997484,174.06395358367183,-0.02136008628077135,-8.188093822522575,72.93100277836908,0.971421685732826,1.0154617251597413,2,12,4,52,28,2022,0,0,0.9749279121818236,-0.22252093395631434,-2.4492935982947064e-16,1.0,6.432490598706546e-16,1.0,0,79955.7577760284,449.4417675158207
2022-12-29,AI,East,163.4202476933845,0,0,461.0,461.0,461.0,461.0,461.0,461.0,461.0,461.0,461.0,461.0,343.0,578.0,461.0,0.0,461.0,0.0,455.4166666666667,47.703842708899266,461.0,461.0,460.9999969925971,460.95726608088654,459.82071109801336,0.0,165.74521068595445,168.7429089558465,172.42594195300597,173.88021577211168,174.2137820125624,174.20657457693804,175.5497356977552,182.5301252588951,174.09807017412814,145.0,116.0,172.10919566488204,3.552807086518115,176.4908988452789,5.4055143043526765,167.63175144189861,20.781889499417204,165.74521068595445,175.5497356977552,168.41037305647285,171.51616890146974,172.95478786397618,-0.017764884393906222,-9.804525011800763,30.54973569775521,0.9630235565428903,0.9887459164003071,3,12,4,52,29,2022,0,0,0.43388373911755823,-0.900968867902419,-2.4492935982947064e-16,1.0,6.432490598706546e-16,1.0,0,79068.95386357755,200.02040373319434
2022-12-30,AI,East,161.68147054358417,0,0,461.0,461.0,461.0,461.0,461.0,461.0,461.0,461.0,461.0,461.0,491.0,460.5,461.0,0.0,461.0,0.0,451.51666666666665,41.747286373370784,461.0,461.0,460.99999849629853,460.9679495606649,459.9779496182782,0.0,163.4202476933845,165.74521068595445,168.7429089558465,172.42594195300597,173.88021577211168,174.2137820125624,174.20657457693804,182.3768458027954,175.548314406843,118.0,104.0,170.37641166425763,4.441796700058981,175.12590759059964,6.127739285312969,169.21242636501137,18.38446121827611,163.4202476933845,174.2137820125624,165.91531037492868,169.4921885994484,171.68351584123062,-0.014027331365701778,-10.786326883553528,56.20657457693804,0.9591717840392562,0.9657697737582096,4,12,4,52,30,2022,0,1,-0.433883739117558,-0.9009688679024191,-2.4492935982947064e-16,1.0,6.432490598706546e-16,1.0,0,78135.89894434572,-200.02040373319423
2022-12-31,AI,East,159.11479355893138,0,0,461.0,461.0,461.0,461.0,461.0,461.0,461.0,461.0,461.0,461.0,265.0,343.0,461.0,0.0,461.0,0.0,451.53333333333336,41.751096069307046,461.0,461.0,460.99999924814927,460.9759621704987,460.11422300250786,0.0,161.68147054358417,163.4202476933845,165.74521068595445,168.7429089558465,172.42594195300597,173.88021577211168,174.2137820125624,182.84541221687587,175.64556750831517,144.5,145.0,168.58711108806423,5.113674882744518,173.64766650065596,6.712350741546927,171.13514204979757,13.765040287450876,161.68147054358417,174.2137820125624,163.79839045925644,167.53950908548234,170.3499098015444,-0.010639912583309208,-12.532311468978236,29.713782012562405,0.9590381408225749,0.9447590229701534,5,12,4,52,31,2022,1,0,-0.9749279121818236,-0.2225209339563146,-2.4492935982947064e-16,1.0,6.432490598706546e-16,1.0,0,77235.71368840736,-449.4417675158207
2023-01-01,AI,East,156.69051308970066,0,0,461.0,461.0,461.0,461.0,461.0,461.0,461.0,461.0,461.0,461.0,461.0,491.0,461.0,0.0,461.0,0.0,455.46666666666664,36.3875057500874,461.0,461.0,460.99999962407463,460.98197162787403,460.23232660217354,0.0,159.11479355893138,161.68147054358417,163.4202476933845,165.74521068595445,168.7429089558465,172.42594195300597,173.88021577211168,182.4898276475416,177.05794831685,171.0,118.0,166.43011273754556,5.513542498999083,171.95262231080275,7.190297440142673,171.6056351684286,13.064318217265953,159.11479355893138,173.88021577211168,161.45659200909392,165.4333302038446,168.85189430252933,-0.01587489881198778,-14.765422213180301,2.880215772111683,0.9560456938090532,0.9272119326125302,6,1,1,52,1,2023,1,0,-0.7818314824680299,0.6234898018587334,0.49999999999999994,0.8660254037844387,6.432490598706546e-16,1.0,0,76264.76522397237,-360.42431341776177
2023-01-02,AI,East,154.81706677781781,0,0,461.0,461.0,461.0,461.0,461.0,461.0,461.0,461.0,461.0,461.0,461.0,265.0,461.0,0.0,461.0,0.0,454.46666666666664,35.78454042367085,461.0,461.0,460.99999981203734,460.98647872090555,460.33468305521706,0.0,156.69051308970066,159.11479355893138,161.68147054358417,163.4202476933845,165.74521068595445,168.7429089558465,172.42594195300597,180.9384009381676,178.91502951590923,170.82958778423762,144.5,163.97444092577254,5.470198093218483,170.10981412809983,7.577603630757628,172.89531893808527,8.805590156295576,156.69051308970066,172.42594195300597,159.07355254939728,163.24762592530863,167.2303768074855,-0.015236046975939055,-15.735428863305316,1.5963541687683573,0.9555788771071461,0.9062738837917207,0,1,1,1,2,2023,0,1,0.0,1.0,0.49999999999999994,0.8660254037844387,0.12053668025532305,0.992708874098054,0,75257.15555156728,0.0
2023-01-03,AI,East,153.67564682881354,0,0,461.0,461.0,461.0,461.0,461.0,461.0,461.0,461.0,461.0,461.0,461.0,461.0,461.0,0.0,461.0,0.0,461.0,0.0,461.0,461.0,460.9999999060187,460.98985904067916,460.42339198118816,0.0,154.81706677781781,156.69051308970066,159.11479355893138,161.68147054358417,163.4202476933845,165.74521068595445,168.7429089558465,177.99659953708593,180.0061933835185,171.86909834965653,171.0,161.4588873293171,4.961047696305827,168.24400454521768,7.914608653650259,173.23922116401252,7.802729680106289,154.81706677781781,168.7429089558465,156.94530966360753,161.13998613843592,165.5752688035298,-0.011956348057973076,-13.925842178028688,-3.126189393810023,0.9588636982440236,0.8936605974324122,1,1,1,1,3,2023,0,0,0.7818314824680298,0.6234898018587336,0.49999999999999994,0.8660254037844387,0.12053668025532305,0.992708874098054,0,74285.53360981896,360.42431341776177
2022-11-21,AI,North,153.40413476211796,0,1,313.0,313.0,487.0,349.0,211.0,301.0,257.0,249.0,323.0,579.0,427.0,358.0,309.57142857142856,90.6179841290847,351.2857142857143,107.4232667617134,392.93333333333334,109.95200624891262,211.0,487.0,353.4032473918484,343.8081943354099,354.4149820836421,-0.3572895277207392,153.0,188.0,164.0,175.0,151.0,194.0,108.0,116.0,118.0,195.0,151.0,161.85714285714286,28.84110822783209,152.57142857142858,34.96748882498248,151.43333333333334,32.579540156079695,108.0,194.0,164.76173843711553,163.51182048070618,158.93253621356172,-0.18617021276595747,45.0,-87.0,0.9452780171077263,1.0103455799448895,0,11,4,47,21,2022,0,1,0.0,1.0,-0.5000000000000004,0.8660254037844384,-0.5680647467311559,0.8229838658936564,0,51179.19981046103,0.0
2022-11-22,AI,North,155.16039865671496,0,1,313.0,313.0,313.0,487.0,349.0,211.0,301.0,257.0,533.0,341.0,544.0,304.0,318.7142857142857,86.62892951301792,350.57142857142856,107.65880169506617,391.43333333333334,110.7490743584991,211.0,487.0,333.20162369592424,336.1061457515574,348.89298447248984,0.0,153.40413476211796,153.0,188.0,164.0,175.0,151.0,194.0,100.0,157.0,138.0,101.0,168.34344782315972,17.64092584112193,155.2431524830084,33.34979997868466,151.51347115873725,32.58139424898647,151.0,194.0,159.08293659961674,160.98489905105913,158.1954160200359,0.002641403673973697,-40.59586523788204,56.0,0.9112569323874604,1.0124785114910435,1,11,4,47,22,2022,0,0,0.7818314824680298,0.6234898018587336,-0.5000000000000004,0.8660254037844384,-0.5680647467311559,0.8229838658936564,0,50388.27340298151,244.71325401249334
2022-11-23,AI,North,156.49737420818025,0,1,313.0,313.0,313.0,313.0,487.0,349.0,211.0,301.0,331.0,301.0,560.0,427.0,326.7142857142857,82.46557723420985,334.85714285714283,94.19689456163057,391.73333333333335,110.51601017837699,211.0,487.0,323.1008118479621,330.329609313668,344.1072532094912,0.0,155.16039865671496,153.40413476211796,153.0,188.0,164.0,175.0,151.0,175.0,123.0,111.0,195.0,162.79493334554758,13.94779320989436,159.18318095848807,29.338326826270936,153.31881778062777,31.155218361784947,151.0,188.0,157.12166762816585,159.5287739524731,157.79074703825978,0.01144860858750918,4.1603986567149605,40.0,0.9531033584090056,1.0120114405441785,2,11,4,47,23,2022,0,0,0.9749279121818236,-0.22252093395631434,-0.5000000000000004,0.8660254037844384,-0.5680647467311559,0.8229838658936564,0,49932.50624712408,305.1524365129108
2022-11-24,AI,North,157.74121884684817,0,1,313.0,313.0,313.0,313.0,313.0,487.0,349.0,211.0,283.0,412.0,263.0,544.0,328.42857142857144,81.96514938854021,333.57142857142856,94.37626354586796,387.93333333333334,111.21924087238631,211.0,487.0,318.0504059239811,325.997206985251,339.95961944822574,0.0,156.49737420818025,155.16039865671496,153.40413476211796,153.0,188.0,164.0,175.0,189.0,175.0,179.0,138.0,163.58027251814474,13.31332107143362,157.86156483050095,28.985639544167974,152.03539692090044,30.156001576061723,153.0,188.0,156.80952091817306,158.77092401639987,157.61829732758252,0.008616731866120553,-18.502625791819753,-4.0,0.9567007735246339,1.029348272496391,3,11,4,47,24,2022,0,0,0.43388373911755823,-0.900968867902419,-0.5000000000000004,0.8660254037844384,-0.5680647467311559,0.8229838658936564,0,49695.29921713316,135.80561034379573
2022-11-25,AI,North,159.48782586363157,0,1,313.0,313.0,313.0,313.0,313.0,313.0,487.0,349.0,574.0,466.0,422.0,560.0,343.0,64.89992295835181,335.7142857142857,93.47597681628282,380.23333333333335,107.99127785128769,313.0,487.0,315.52520296199054,322.74790523893824,336.36500352179564,0.0,157.74121884684817,156.49737420818025,155.16039865671496,153.40413476211796,153.0,188.0,164.0,133.0,157.0,126.0,111.0,161.11473235340875,12.413697150026312,155.62879474813298,27.57199466038276,152.6934375491287,30.05438863683243,153.0,188.0,157.27536988251063,158.51349772401196,157.6346868634846,0.007948022418659217,-6.25878115315183,38.0,0.9790614152017947,1.033058265932595,4,11,4,47,25,2022,0,1,-0.433883739117558,-0.9009688679024191,-0.5000000000000004,0.8660254037844384,-0.5680647467311559,0.8229838658936564,0,49614.72478761574,-135.80561034379565
2022-11-26,AI,North,160.52153815213697,0,1,313.0,313.0,313.0,313.0,313.0,313.0,313.0,487.0,348.0,353.0,539.0,263.0,337.85714285714283,65.76581830360554,317.07142857142856,63.52523942462588,372.0,103.1189470532904,313.0,487.0,314.2626014809953,320.31092892920367,333.2496697188896,0.0,159.48782586363157,157.74121884684817,156.49737420818025,155.16039865671496,153.40413476211796,153.0,188.0,101.0,153.0,129.0,179.0,160.47013604821328,12.355921563854444,157.52078230982093,26.797687466968814,154.30969841124977,29.020904484794585,153.0,188.0,158.3815978730711,158.75707975891686,157.8817720635042,0.01107261012404881,-28.51217413636843,59.0,0.9938785421222233,1.033556714011746,5,11,4,47,26,2022,1,0,-0.9749279121818236,-0.2225209339563146,-0.5000000000000004,0.8660254037844384,-0.5680647467311559,0.8229838658936564,0,49690.96596454098,-305.1524365129108
2022-11-27,AI,North,162.17065470824906,0,1,313.0,313.0,313.0,313.0,313.0,313.0,313.0,313.0,359.0,501.0,500.0,422.0,313.0,0.0,314.57142857142856,62.90006027356081,373.6666666666667,101.6906510243057,313.0,313.0,313.63130074049764,318.4831966969027,330.54971375637103,0.0,160.52153815213697,159.48782586363157,157.74121884684817,156.49737420818025,155.16039865671496,153.40413476211796,153.0,189.0,198.0,196.0,126.0,156.54464149851856,2.894116644371254,161.77232074925928,21.297988875420774,153.69374968298766,28.672808332020736,153.0,160.52153815213697,159.451568012604,159.1981943572219,158.2337408753219,0.006481449495645331,7.521538152136969,-43.0,1.0254042271274537,1.0444246264978754,6,11,4,47,27,2022,1,0,-0.7818314824680299,0.6234898018587334,-0.5000000000000004,0.8660254037844384,-0.5680647467311559,0.8229838658936564,0,49829.03483381045,-244.71325401249337
2022-11-28,AI,North,163.15439044420359,0,1,313.0,313.0,313.0,313.0,313.0,313.0,313.0,313.0,249.0,323.0,579.0,539.0,313.0,0.0,311.2857142857143,61.58849614289066,370.03333333333336,101.85130586176659,313.0,313.0,313.3156503702488,317.11239752267704,328.2097519221883,0.0,162.17065470824906,160.52153815213697,159.48782586363157,157.74121884684817,156.49737420818025,155.16039865671496,153.40413476211796,108.0,116.0,118.0,129.0,157.8547350282684,3.091078366135768,159.85593894270565,19.815016013796054,154.89943817326264,28.225124413723545,153.40413476211796,162.17065470824906,160.81111136042654,159.94130944497869,158.7586627197122,0.010273490866684387,8.766519946131098,35.40413476211796,1.0273410781872756,1.0469415226665424,0,11,4,48,28,2022,0,1,0.0,1.0,-0.5000000000000004,0.8660254037844384,-0.4647231720437684,0.88545602565321,0,50061.62985627833,0.0
2022-11-29,AI,North,162.88083099743216,0,1,313.0,313.0,313.0,313.0,313.0,313.0,313.0,313.0,257.0,533.0,341.0,500.0,313.0,0.0,315.85714285714283,58.92740924594905,362.5,97.17341413057947,313.0,313.0,313.1578251851244,316.0842981420078,326.1817849992299,0.0,163.15439044420359,162.17065470824906,160.52153815213697,159.48782586363157,157.74121884684817,156.49737420818025,155.16039865671496,194.0,100.0,157.0,196.0,159.24762869713777,2.9446569744401216,163.79553826014876,13.034889143788343,156.03791785473607,27.830491252114133,155.16039865671496,163.15439044420359,161.98275090231505,160.7445796947849,159.34475974964437,0.006066052688288748,7.993991787488625,-1.8396013432850395,1.0245326147365321,1.0456073218721447,1,11,4,48,29,2022,0,0,0.7818314824680298,0.6234898018587336,-0.5000000000000004,0.8660254037844384,-0.4647231720437684,0.88545602565321,0,50313.053444467674,244.71325401249334
2022-11-30,AI,North,162.58843372086673,0,1,313.0,313.0,313.0,313.0,313.0,313.0,313.0,313.0,301.0,331.0,301.0,579.0,313.0,0.0,319.85714285714283,56.47444233777467,356.26666666666665,93.99483967249198,313.0,313.0,313.07891259256223,315.31322360650586,324.4242136659993,0.0,162.88083099743216,163.15439044420359,162.17065470824906,160.52153815213697,159.48782586363157,157.74121884684817,156.49737420818025,151.0,175.0,123.0,118.0,160.35054760295452,2.582173727197898,161.57274047425105,9.719781238854765,154.9339455546505,26.82950374340172,156.49737420818025,163.15439044420359,162.4317909498736,161.27864252044674,159.81623591601607,-0.001676690685593174,6.383456789251909,33.49737420818025,1.0157796927826102,1.0512920803961998,2,11,4,48,30,2022,0,0,0.9749279121818236,-0.22252093395631434,-0.5000000000000004,0.8660254037844384,-0.4647231720437684,0.88545602565321,0,50480.21510889983,305.1524365129108
2022-12-01,AI,North,161.85477993695352,0,1,313.0,313.0,313.0,313.0,313.0,313.0,313.0,313.0,211.0,283.0,412.0,341.0,313.0,0.0,320.7142857142857,56.25686771261945,347.4,84.30633796275137,313.0,313.0,313.0394562962811,314.7349177048794,322.9009851771994,0.0,162.58843372086673,162.88083099743216,163.15439044420359,162.17065470824906,160.52153815213697,159.48782586363157,157.74121884684817,175.0,189.0,175.0,157.0,161.22069896190973,2.0357951885644496,162.40048574002725,9.231303082408312,156.42022667867934,25.932970473539406,157.74121884684817,163.15439044420359,162.51011233537017,161.60609032055174,160.18586228999615,-0.0017951607612440856,4.847214874018562,-17.25878115315183,1.0084836113432094,1.0394335574990865,3,12,4,48,1,2022,0,0,0.43388373911755823,-0.900968867902419,-2.4492935982947064e-16,1.0,-0.4647231720437684,0.88545602565321,0,50582.706270332696,135.80561034379573
2022-12-02,AI,North,162.14057064850203,0,1,313.0,313.0,313.0,313.0,313.0,313.0,313.0,313.0,349.0,574.0,466.0,301.0,313.0,0.0,328.0,46.757969291958055,346.46666666666664,84.53431595933478,313.0,313.0,313.01972814814053,314.30118827865954,321.5808538202395,0.0,161.85477993695352,162.58843372086673,162.88083099743216,163.15439044420359,162.17065470824906,160.52153815213697,159.48782586363157,164.0,133.0,157.0,123.0,161.8083505462105,1.3382020536761325,161.46154144980963,8.489939030790666,156.5820526765778,25.951853546365136,159.48782586363157,163.15439044420359,162.18244613616184,161.66826272465218,160.4083846429238,-0.004512336868763733,2.366954073321949,2.4878258636315707,1.00028693445239,1.0336738862249604,4,12,4,48,2,2022,0,1,-0.433883739117558,-0.9009688679024191,-2.4492935982947064e-16,1.0,-0.4647231720437684,0.88545602565321,0,50602.16623281613,-135.80561034379565
2022-12-03,AI,North,162.06866317130397,0,1,313.0,313.0,313.0,313.0,313.0,313.0,313.0,313.0,487.0,348.0,353.0,412.0,313.0,0.0,325.42857142857144,46.50345609276185,346.8666666666667,84.33992523417216,313.0,313.0,313.00986407407026,313.97589120899465,320.4367399775409,0.0,162.14057064850203,161.85477993695352,162.58843372086673,162.88083099743216,163.15439044420359,162.17065470824906,160.52153815213697,188.0,101.0,153.0,175.0,162.1873140869063,0.8626461476613513,161.3287250675598,8.461670083687256,157.88673836486123,25.177671477598864,160.52153815213697,163.15439044420359,162.16150839233194,161.78633970561464,160.6393427770009,0.001765723024428567,1.6190324963650653,7.521538152136969,0.9997117873344212,1.0269422961089254,5,12,4,48,3,2022,1,0,-0.9749279121818236,-0.2225209339563146,-2.4492935982947064e-16,1.0,-0.4647231720437684,0.88545602565321,0,50639.12432785738,-305.1524365129108
2022-12-04,AI,North,161.06499303988048,0,1,313.0,313.0,313.0,313.0,313.0,313.0,313.0,313.0,313.0,359.0,501.0,466.0,313.0,0.0,313.0,0.0,343.56666666666666,83.63742906277001,313.0,313.0,313.00493203703513,313.731918406746,319.4451746472022,0.0,162.06866317130397,162.14057064850203,161.85477993695352,162.58843372086673,162.88083099743216,163.15439044420359,162.17065470824906,153.0,189.0,198.0,157.0,162.40833194678729,0.47649354152003515,159.4764867226529,3.6369659093380755,157.4556938039047,24.98453996379464,161.85477993695352,163.15439044420359,162.11508578181795,161.85692057203698,160.82991882957467,-0.0004434884921797888,-0.10199153694509278,-35.82934529175094,0.9979085446582682,1.0292969293561867,6,12,4,48,4,2022,1,0,-0.7818314824680299,0.6234898018587334,-2.4492935982947064e-16,1.0,-0.4647231720437684,0.88545602565321,0,50661.216139047574,-244.71325401249337
2022-12-05,AI,North,161.82631673836406,0,1,313.0,313.0,313.0,313.0,313.0,313.0,313.0,313.0,313.0,249.0,323.0,353.0,313.0,0.0,313.0,0.0,338.46666666666664,80.52103316282766,313.0,313.0,313.00246601851757,313.5489388050595,318.58581802757527,0.0,161.06499303988048,162.06866317130397,162.14057064850203,161.85477993695352,162.58843372086673,162.88083099743216,163.15439044420359,153.40413476211796,108.0,116.0,153.0,162.25038027987748,0.6994884340472431,160.05255765407293,3.13651248428186,157.59119357190073,24.99300485404085,161.06499303988048,163.15439044420359,161.59003941084922,161.65893868899786,160.86126205761545,-0.0061928698107580615,-2.0893974043231083,47.154390444203585,0.9926940804043336,1.0220431000438597,0,12,4,49,5,2022,0,1,0.0,1.0,-2.4492935982947064e-16,1.0,-0.35460488704253595,0.9350162426854147,0,50599.24780965633,0.0
2022-12-06,AI,North,161.90940918201966,0,1,313.0,313.0,313.0,313.0,313.0,313.0,313.0,313.0,313.0,257.0,533.0,501.0,313.0,0.0,313.0,0.0,337.1333333333333,80.60321433366995,313.0,313.0,313.0012330092588,313.4117041037946,317.84104229056527,0.0,161.82631673836406,161.06499303988048,162.06866317130397,162.14057064850203,161.85477993695352,162.58843372086673,162.88083099743216,155.16039865671496,194.0,100.0,198.0,162.06065546475753,0.5839993418839295,160.65414208094768,2.5079608350878164,157.8854041298462,24.989045097483206,161.06499303988048,162.88083099743216,161.70817807460662,161.70078320133942,160.9899360150486,0.004726810488825839,-1.0545142590680996,62.880830997432156,0.9985539998942036,1.0249605820454197,1,12,4,49,6,2022,0,0,0.7818314824680298,0.6234898018587336,-2.4492935982947064e-16,1.0,-0.35460488704253595,0.9350162426854147,0,50612.345142019236,244.71325401249334
2022-12-07,AI,North,162.3136591315531,0,1,313.0,313.0,313.0,313.0,313.0,313.0,313.0,313.0,313.0,301.0,331.0,323.0,313.0,0.0,313.0,0.0,330.8666666666667,74.50097584796357,313.0,313.0,313.0006165046294,313.30877807784594,317.19556998515657,0.0,161.90940918201966,161.82631673836406,161.06499303988048,162.06866317130397,162.14057064850203,161.85477993695352,162.58843372086673,156.49737420818025,151.0,175.0,116.0,161.92188091969865,0.4585684792690858,161.1362142613266,1.9593807227863231,156.68238443591352,23.83326637355492,161.06499303988048,162.58843372086673,161.80879362831314,161.7529396965095,161.11253243731142,0.0005134668163395695,-0.6790245388470737,-12.411566279133268,0.9999229706477524,1.0333606341999695,2,12,4,49,7,2022,0,0,0.9749279121818236,-0.22252093395631434,-2.4492935982947064e-16,1.0,-0.35460488704253595,0.9350162426854147,0,50628.67012500747,305.1524365129108
2022-12-08,AI,North,161.57604995377324,0,1,313.0,313.0,313.0,313.0,313.0,313.0,313.0,313.0,313.0,211.0,283.0,533.0,313.0,0.0,313.0,0.0,330.53333333333336,74.55973459574882,313.0,313.0,313.0003082523147,313.23158355838444,316.6361606538024,0.0,162.3136591315531,161.90940918201966,161.82631673836406,161.06499303988048,162.06866317130397,162.14057064850203,161.85477993695352,157.74121884684817,175.0,189.0,100.0,161.88262740693952,0.40002540831100475,161.55166318442465,1.45074030689501,158.22617307363194,22.573916398570404,161.06499303988048,162.3136591315531,162.06122637993312,161.8931195552704,161.2726826632103,0.002496766256981253,0.45887919459957516,-27.14522006304648,1.00266261259071,1.0258331788773394,3,12,4,49,8,2022,0,0,0.43388373911755823,-0.900968867902419,-2.4492935982947064e-16,1.0,-0.35460488704253595,0.9350162426854147,0,50672.546420799634,135.80561034379573
2022-12-09,AI,North,162.30104219630638,0,1,313.0,313.0,313.0,313.0,313.0,313.0,313.0,313.0,313.0,349.0,574.0,331.0,313.0,0.0,313.0,0.0,323.2,64.03576586833975,313.0,313.0,313.0001541261573,313.1736876687883,316.1513392332954,0.0,161.57604995377324,162.3136591315531,161.90940918201966,161.82631673836406,161.06499303988048,162.06866317130397,162.14057064850203,159.48782586363157,164.0,133.0,175.0,161.84280883791376,0.41678083527133347,161.82557969206212,0.9523695878907601,160.27870807209104,19.71557829023598,161.06499303988048,162.3136591315531,161.8186381668532,161.8138521548961,161.31313163528534,-0.004544344460758132,-0.5645206947287988,29.140570648502035,0.9983517347208215,1.0080942808261495,4,12,4,49,9,2022,0,1,-0.433883739117558,-0.9009688679024191,-2.4492935982947064e-16,1.0,-0.35460488704253595,0.9350162426854147,0,50647.73572448248,-135.80561034379565
2022-12-10,AI,North,162.51828056008506,0,1,313.0,313.0,313.0,313.0,313.0,313.0,313.0,313.0,313.0,487.0,348.0,283.0,313.0,0.0,313.0,0.0,322.6,64.04448884739529,313.0,313.0,313.00007706307866,313.13026575159125,315.73116066885603,0.0,162.30104219630638,161.57604995377324,162.3136591315531,161.90940918201966,161.82631673836406,161.06499303988048,162.06866317130397,160.52153815213697,188.0,101.0,189.0,161.86573334474298,0.43967309289635026,162.02652371582462,0.6786170573140274,159.85540947863458,19.52400356461413,161.06499303988048,162.3136591315531,162.05984018157977,161.93564966524866,161.4448530434215,0.004487003134069578,0.23237902500241603,61.06866317130397,1.0026893144081765,1.0152990237261859,5,12,4,49,10,2022,1,0,-0.9749279121818236,-0.2225209339563146,-2.4492935982947064e-16,1.0,-0.35460488704253595,0.9350162426854147,0,50685.858345222834,-305.1524365129108
2022-12-11,AI,North,161.58804411004314,0,1,313.0,313.0,313.0,313.0,313.0,313.0,313.0,313.0,313.0,313.0,359.0,574.0,313.0,0.0,313.0,0.0,323.6,63.63776800958201,313.0,313.0,313.0000385315393,313.09769931369345,315.3670059130086,0.0,162.51828056008506,162.30104219630638,161.57604995377324,162.3136591315531,161.90940918201966,161.82631673836406,161.06499303988048,162.17065470824906,153.0,189.0,133.0,161.92996440028315,0.5025986679207488,162.16914817353523,0.5319653965073233,158.9726854973041,18.743939174425915,161.06499303988048,162.51828056008506,162.28906037083243,162.08130738895775,161.58797671230997,0.0013384902576036861,1.453287520204583,-27.935006960119523,1.0036331457142451,1.02230316503358,6,12,4,49,11,2022,1,0,-0.7818314824680299,0.6234898018587334,-2.4492935982947064e-16,1.0,-0.35460488704253595,0.9350162426854147,0,50731.44921274378,-244.71325401249337
2022-12-12,AI,North,162.42863953221328,0,1,313.0,313.0,313.0,313.0,313.0,313.0,313.0,313.0,313.0,313.0,249.0,348.0,313.0,0.0,313.0,0.0,314.9,42.582455509768096,313.0,313.0,313.00001926576965,313.0732744852701,315.05140512460747,0.0,161.58804411004314,162.51828056008506,162.30104219630638,161.57604995377324,162.3136591315531,161.90940918201966,161.82631673836406,163.15439044420359,153.40413476211796,108.0,101.0,162.00468598173498,0.37534059052914936,162.1275331308062,0.5541637968130256,159.9256203009722,18.093378083777303,161.57604995377324,162.51828056008506,161.9385522404378,161.9579915692291,161.5879856986744,-0.005723888087149631,-0.23827262832091378,53.826316738364056,0.9974282048287972,1.0103949748360979,0,12,4,50,12,2022,0,1,0.0,1.0,-2.4492935982947064e-16,1.0,-0.2393156642875578,0.970941817426052,0,50692.85136116871,0.0
2022-12-13,AI,North,163.10198488117695,0,1,313.0,313.0,313.0,313.0,313.0,313.0,313.0,313.0,313.0,313.0,257.0,359.0,313.0,0.0,313.0,0.0,313.73333333333335,42.12128083107842,313.0,313.0,313.0000096328848,313.05495586395256,314.7778844413265,0.0,162.42863953221328,161.58804411004314,162.51828056008506,162.30104219630638,161.57604995377324,162.3136591315531,161.90940918201966,162.88083099743216,155.16039865671496,194.0,189.0,162.09073209514196,0.39610117477481144,162.07569377994975,0.4796532677808141,161.97324161871265,14.265938901603858,161.57604995377324,162.51828056008506,162.18359588632552,162.07565355997517,161.7000728764796,0.005202089218913297,0.5192303501936237,-32.09059081798034,1.002084674617845,1.0028115564406688,1,12,4,50,13,2022,0,0,0.7818314824680298,0.6234898018587336,-2.4492935982947064e-16,1.0,-0.2393156642875578,0.970941817426052,0,50729.67956427223,244.71325401249334
2022-12-14,AI,North,163.57841253500274,0,1,313.0,313.0,313.0,313.0,313.0,313.0,313.0,313.0,313.0,313.0,301.0,249.0,313.0,0.0,313.0,0.0,312.2,41.24476978336475,313.0,313.0,313.0000048164424,313.04121689796443,314.54083318248297,0.0,163.10198488117695,162.42863953221328,161.58804411004314,162.51828056008506,162.30104219630638,161.57604995377324,162.3136591315531,162.58843372086673,156.49737420818025,151.0,108.0,162.26110005216447,0.536649226982915,162.09149048593153,0.5108370451757918,161.1099744480852,13.326748906512995,161.57604995377324,163.10198488117695,162.64279038375122,162.3322363902756,161.88699447710593,0.004145484139391087,0.7883257496238514,11.313659131553095,1.0051822884447341,1.0123642836363886,2,12,4,50,14,2022,0,0,0.9749279121818236,-0.22252093395631434,-2.4492935982947064e-16,1.0,-0.2393156642875578,0.970941817426052,0,50809.98999015626,305.1524365129108
2022-12-15,AI,North,163.5162894769837,0,1,313.0,313.0,313.0,313.0,313.0,313.0,313.0,313.0,313.0,313.0,211.0,257.0,313.0,0.0,313.0,0.0,314.3333333333333,39.48053499736499,313.0,313.0,313.00000240822123,313.0309126734733,314.3353887581519,0.0,163.57841253500274,163.10198488117695,162.42863953221328,161.58804411004314,162.51828056008506,162.30104219630638,161.57604995377324,161.85477993695352,157.74121884684817,175.0,194.0,162.4417791098001,0.7339379656422812,162.16220325836983,0.6376874555209784,162.96258819925197,8.77481373312951,161.57604995377324,163.57841253500274,163.110601459377,162.64378042645737,162.1125168848255,0.002921041421861892,2.002362581229505,-13.423950046226764,1.0069971679972625,1.003778924591078,3,12,4,50,15,2022,0,0,0.43388373911755823,-0.900968867902419,-2.4492935982947064e-16,1.0,-0.2393156642875578,0.970941817426052,0,50907.503273481154,135.80561034379573
2022-12-16,AI,North,163.47205091920543,0,1,313.0,313.0,313.0,313.0,313.0,313.0,313.0,313.0,313.0,313.0,349.0,301.0,313.0,0.0,313.0,0.0,316.2,37.97131403645615,313.0,313.0,313.0000012041106,313.023184505105,314.1573369237317,0.0,163.5162894769837,163.57841253500274,163.10198488117695,162.42863953221328,161.58804411004314,162.51828056008506,162.30104219630638,162.14057064850203,159.48782586363157,164.0,151.0,162.71895618454445,0.7187124212448641,162.28088251122912,0.7247409330308027,161.94646451515143,6.536195664189387,161.58804411004314,163.57841253500274,163.31344546818036,162.86190768908895,162.29968656377991,-0.00037977540591271897,1.2152472806773176,-1.6989578036936166,1.0049000577820504,1.009693474672872,4,12,4,50,16,2022,0,1,-0.433883739117558,-0.9009688679024191,-2.4492935982947064e-16,1.0,-0.2393156642875578,0.970941817426052,0,50975.77710668484,-135.80561034379565
2022-12-17,AI,North,163.31451294492277,0,1,313.0,313.0,313.0,313.0,313.0,313.0,313.0,313.0,313.0,313.0,487.0,211.0,313.0,0.0,313.0,0.0,316.6,37.86873881330543,313.0,313.0,313.0000006020553,313.01738837882874,314.00302533390084,0.0,163.47205091920543,163.5162894769837,163.57841253500274,163.10198488117695,162.42863953221328,161.58804411004314,162.51828056008506,162.06866317130397,160.52153815213697,188.0,175.0,162.8862431449586,0.7411579177933564,162.3759882448508,0.7893914798279985,162.36219954579158,6.204144941169682,161.58804411004314,163.57841253500274,163.3927481936929,163.01444349661807,162.45600181117,-0.00027054526444902915,0.9537703591203694,-25.48171943991494,1.003596416488832,1.0068356450558258,5,12,4,50,17,2022,1,0,-0.9749279121818236,-0.2225209339563146,-2.4492935982947064e-16,1.0,-0.2393156642875578,0.970941817426052,0,51023.52081444146,-305.1524365129108
2022-12-18,AI,North,163.68399108703426,0,1,313.0,313.0,313.0,313.0,313.0,313.0,313.0,313.0,313.0,313.0,313.0,349.0,313.0,0.0,313.0,0.0,320.0,32.218007387174026,313.0,313.0,313.0000003010276,313.0130412841215,313.86928862271407,0.0,163.31451294492277,163.47205091920543,163.5162894769837,163.57841253500274,163.10198488117695,162.42863953221328,161.58804411004314,161.06499303988048,162.17065470824906,153.0,164.0,162.99999062850685,0.7363580970160175,162.464977514395,0.8216455561869989,161.9726833106224,5.7322205862883235,161.58804411004314,163.57841253500274,163.35363056930782,163.08946085869425,162.57046996233703,-0.0009636997480414466,1.7264688348796255,8.588044110043143,1.0019295787274194,1.0082842896628612,6,12,4,50,18,2022,1,0,-0.7818314824680299,0.6234898018587334,-2.4492935982947064e-16,1.0,-0.2393156642875578,0.970941817426052,0,51047.0012487713,-244.71325401249337
2022-12-19,AI,North,164.0136839811175,0,1,313.0,313.0,313.0,313.0,313.0,313.0,313.0,313.0,313.0,313.0,313.0,487.0,313.0,0.0,313.0,0.0,318.8,31.76790833529963,313.0,313.0,313.0000001505138,313.00978096309115,313.75338347301886,0.0,163.68399108703426,163.31451294492277,163.47205091920543,163.5162894769837,163.57841253500274,163.10198488117695,162.42863953221328,161.82631673836406,163.15439044420359,153.40413476211796,188.0,163.29941162521988,0.42818076509847136,162.65204880347747,0.7752129573734318,161.96214968019018,5.728655933329412,162.42863953221328,163.68399108703426,163.51881082817104,163.23809341577925,162.71893944563,0.0022623717601637505,1.255351554820976,9.02450477009532,1.0023550511029518,1.0106311283198752,0,12,4,51,19,2022,0,1,0.0,1.0,-2.4492935982947064e-16,1.0,-0.12053668025532363,0.992708874098054,0,51093.52323913891,0.0
2022-12-20,AI,North,164.40710318302456,0,1,313.0,313.0,313.0,313.0,313.0,313.0,313.0,313.0,313.0,313.0,313.0,313.0,313.0,0.0,313.0,0.0,313.0,0.0,313.0,313.0,313.00000007525693,313.0073357223184,313.65293234328306,0.0,164.0136839811175,163.68399108703426,163.31451294492277,163.47205091920543,163.5162894769837,163.57841253500274,163.10198488117695,161.90940918201966,162.88083099743216,155.16039865671496,153.0,163.52584654649192,0.2866659353795072,162.80828932081698,0.8153752418198855,161.1626058128941,2.987147740656544,163.10198488117695,164.0136839811175,163.76624740464428,163.4319910571138,162.8915720503617,0.0020142036609307468,0.911699099940563,7.941586224461986,1.002983237463343,1.0176906865966338,1,12,4,51,20,2022,0,0,0.7818314824680298,0.6234898018587336,-2.4492935982947064e-16,1.0,-0.12053668025532363,0.992708874098054,0,51154.21320087662,244.71325401249334
2022-12-16,AI,South,134.5249092974204,0,2,281.0,281.0,515.0,510.0,348.0,510.0,235.0,315.0,371.0,375.0,227.0,217.0,387.7142857142857,120.88798435702682,365.9642857142857,107.90032157322052,335.21666666666664,112.84529088238241,235.0,515.0,379.6537537311375,389.8431963341462,374.57514175458186,-0.454368932038835,132.0,100.0,191.0,185.0,194.0,141.0,115.0,199.0,132.0,181.0,174.0,151.14285714285714,38.64983213171208,151.78571428571428,34.36719941462201,153.63333333333333,32.040366063315574,100.0,194.0,136.73801728355375,146.88964019720956,150.64294924342238,0.32000000000000006,17.0,-66.0,0.8733459299495071,0.859188538560283,4,12,4,50,16,2022,0,1,-0.433883739117558,-0.9009688679024191,-2.4492935982947064e-16,1.0,-0.2393156642875578,0.970941817426052,0,41275.98889541589,-121.9213306920338
2022-12-17,AI,South,132.81581367107728,0,2,281.0,281.0,281.0,515.0,510.0,348.0,510.0,235.0,268.0,218.0,317.0,492.0,382.85714285714283,124.91254083214726,359.5357142857143,110.23305107566671,337.35,111.12519561115226,235.0,515.0,330.32687686556875,362.63239725060964,362.09845618730435,0.0,134.5249092974204,132.0,100.0,191.0,185.0,194.0,141.0,142.0,112.0,106.0,192.0,153.9321298996315,36.23590970621094,147.18035066410147,31.77586471494098,152.31749697658066,31.98564045552815,100.0,194.0,135.6314632904871,143.79845747226227,148.49387725062212,0.019128100738033282,-6.4750907025795925,35.0,0.8739235175347168,0.8831874937842275,5,12,4,50,17,2022,1,0,-0.9749279121818236,-0.2225209339563146,-2.4492935982947064e-16,1.0,-0.2393156642875578,0.970941817426052,0,40407.3665497057,-273.95474332309243
2022-12-18,AI,South,130.11711895954235,0,2,281.0,281.0,281.0,281.0,515.0,510.0,348.0,510.0,462.0,230.0,279.3333333333333,227.0,389.42857142857144,116.78307118022592,360.4642857142857,109.45467349296031,330.31666666666666,107.62164417541275,281.0,515.0,305.66343843278435,342.2242979379572,351.2853286956638,0.0,132.81581367107728,134.5249092974204,132.0,100.0,191.0,185.0,194.0,157.0,185.0,117.0,181.0,152.76296042407108,36.84955232632937,146.52433735489268,31.985154561889967,150.34469076561658,31.270902162875135,100.0,194.0,134.2236384807822,141.05279652196603,146.4034687733495,-0.012704677782495288,-61.18418632892272,77.0,0.8694241878591213,0.8834087330341776,6,12,4,50,18,2022,1,0,-0.7818314824680299,0.6234898018587334,-2.4492935982947064e-16,1.0,-0.2393156642875578,0.970941817426052,0,39635.83582267245,-219.6946465735164
2022-12-19,AI,South,128.20906847417788,0,2,281.0,281.0,281.0,281.0,281.0,515.0,510.0,348.0,363.0,242.0,241.66666666666669,317.0,356.7142857142857,109.20731704074639,347.5357142857143,107.20549359591074,332.1166666666667,106.27724487291613,281.0,515.0,293.3317192163922,326.91822345346793,341.91395153624194,0.0,130.11711895954235,132.81581367107728,134.5249092974204,132.0,100.0,191.0,185.0,112.0,195.0,116.0,106.0,143.6368345611486,32.60029276375147,144.60413156628857,32.114564278477786,148.64859473093466,30.92890332429916,100.0,191.0,132.17037872016226,138.31887713136013,144.23195546484186,-0.020319076749537812,-54.88288104045765,69.0,0.9058756999986214,0.8753336573395171,0,12,4,51,19,2022,0,1,0.0,1.0,-2.4492935982947064e-16,1.0,-0.12053668025532363,0.992708874098054,0,38867.60447391219,0.0
2022-12-20,AI,South,127.41485060394922,0,2,281.0,281.0,281.0,281.0,281.0,281.0,515.0,510.0,283.5,598.0,204.0,279.3333333333333,347.14285714285717,112.96965458539236,341.67857142857144,108.52748803570762,330.9166666666667,106.65638195748315,281.0,515.0,287.1658596081961,315.438667590101,333.79209133140967,0.0,128.20906847417788,130.11711895954235,132.81581367107728,134.5249092974204,132.0,100.0,191.0,188.0,162.0,192.0,117.0,135.523844343174,27.212236123564182,145.76192217158697,31.12566353417738,149.38889701340727,30.12831463605553,100.0,191.0,130.1897235971701,135.79142496706456,142.09557053275333,-0.014664100316867157,-62.79093152582212,-1.0,0.9460259052532518,0.8582235372180833,1,12,4,51,20,2022,0,0,0.7818314824680298,0.6234898018587336,-2.4492935982947064e-16,1.0,-0.12053668025532363,0.992708874098054,0,38157.39041574514,219.69464657351637
2022-12-21,AI,South,127.99506145470788,0,2,281.0,281.0,281.0,281.0,281.0,281.0,281.0,515.0,204.0,250.0,313.0,241.66666666666669,314.42857142857144,88.44368668415918,341.5,108.63258471351246,330.9722222222223,106.62901709234306,281.0,515.0,284.08292980409806,306.82900069257573,326.753145820555,0.0,127.41485060394922,128.20906847417788,130.11711895954235,132.81581367107728,134.5249092974204,132.0,100.0,118.0,154.0,152.0,116.0,126.4402515723096,11.927594746928698,141.4344115004405,28.93609275588214,149.73605870020558,29.800455545130735,100.0,134.5249092974204,128.80228710055965,133.69728137628573,140.13814120891277,-0.006194708998986442,27.41485060394922,-52.0,1.0077079728315337,0.8509296348458293,2,12,4,51,21,2022,0,0,0.9749279121818236,-0.22252093395631434,-2.4492935982947064e-16,1.0,-0.12053668025532363,0.992708874098054,0,37568.93606673629,273.95474332309243
2022-12-22,AI,South,128.76468606623135,0,2,281.0,281.0,281.0,281.0,281.0,281.0,281.0,281.0,458.0,440.0,289.0,204.0,281.0,0.0,347.0,102.93537928084935,332.28333333333336,105.73109053512653,281.0,281.0,282.54146490204903,300.37175051943177,320.65272637781436,0.0,127.99506145470788,127.41485060394922,128.20906847417788,130.11711895954235,132.81581367107728,134.5249092974204,132.0,151.0,168.0,146.0,192.0,130.4395460658393,2.737856038439305,142.14834446149106,28.432343060948014,150.13589408202915,29.410120604315058,127.41485060394922,134.5249092974204,128.39867427763377,132.27172639589128,138.5190639083521,0.004553714484681004,-4.00493854529212,-14.0,0.9812596281870133,0.8525280472386415,3,12,4,51,22,2022,0,0,0.43388373911755823,-0.900968867902419,-2.4492935982947064e-16,1.0,-0.12053668025532363,0.992708874098054,0,37168.355117245446,121.92133069203386
2022-12-23,AI,South,128.5591291817757,0,2,281.0,281.0,281.0,281.0,281.0,281.0,281.0,281.0,315.0,371.0,375.0,313.0,281.0,0.0,334.35714285714283,99.04979877497297,334.85,103.41889625908932,281.0,281.0,281.7707324510245,295.5288128895738,315.3656961941058,0.0,128.76468606623135,127.99506145470788,127.41485060394922,128.20906847417788,130.11711895954235,132.81581367107728,134.5249092974204,115.0,199.0,132.0,152.0,129.9773583610152,2.703391429899566,140.56010775193616,28.520749908674727,148.0280502842369,28.560000741522398,127.41485060394922,134.5249092974204,128.58168017193256,131.3949663134763,137.21848019606935,0.006012924270486941,-5.760223231189059,2.5249092974204075,0.9906701190057599,0.8698667917946383,4,12,4,51,23,2022,0,1,-0.433883739117558,-0.9009688679024191,-2.4492935982947064e-16,1.0,-0.12053668025532363,0.992708874098054,0,36921.98553408684,-121.9213306920338
2022-12-24,AI,South,128.21712581622558,0,2,281.0,281.0,281.0,281.0,281.0,281.0,281.0,281.0,235.0,268.0,218.0,289.0,281.0,0.0,331.92857142857144,99.97343053625205,333.78333333333336,103.81629027487347,281.0,281.0,281.38536622551226,291.89660966718037,310.78360336822504,0.0,128.5591291817757,128.76468606623135,127.99506145470788,127.41485060394922,128.20906847417788,130.11711895954235,132.81581367107728,141.0,142.0,112.0,146.0,129.12510405878024,1.8301522730557596,141.52861697920585,27.807308829232117,147.24668792362942,28.767487825854023,127.41485060394922,132.81581367107728,128.57040467685414,130.68600703055114,136.0639000608302,-0.0015963762327656505,-4.256684489301591,20.81581367107728,0.9956168409175977,0.8730867235218703,5,12,4,51,24,2022,1,0,-0.9749279121818236,-0.2225209339563146,-2.4492935982947064e-16,1.0,-0.12053668025532363,0.992708874098054,0,36722.76797558487,-273.95474332309243
2022-12-25,AI,South,128.69466542838398,0,2,281.0,281.0,281.0,281.0,281.0,281.0,281.0,281.0,510.0,462.0,230.0,375.0,281.0,0.0,335.2142857142857,97.26188167197685,333.51666666666665,103.94548333500175,281.0,281.0,281.19268311275613,289.17245725038526,306.81245625246174,0.0,128.21712581622558,128.5591291817757,128.76468606623135,127.99506145470788,127.41485060394922,128.20906847417788,130.11711895954235,194.0,157.0,185.0,132.0,128.46814865094427,0.8444621806099897,140.6155545375077,28.034934683181127,146.6539254508369,28.976513260448332,127.41485060394922,130.11711895954235,128.39376524653986,130.06878672696973,135.01766349488292,-0.0026602806640556587,-1.8999931433167774,-54.88288104045765,0.9980460228048684,0.8742836207607988,6,12,4,51,25,2022,1,0,-0.7818314824680299,0.6234898018587334,-2.4492935982947064e-16,1.0,-0.12053668025532363,0.992708874098054,0,36549.329070278494,-219.6946465735164
2022-12-26,AI,South,129.31826865891912,0,2,281.0,281.0,281.0,281.0,281.0,281.0,281.0,281.0,348.0,363.0,242.0,218.0,281.0,0.0,318.85714285714283,83.95132027445534,330.3833333333333,104.06858508838702,281.0,281.0,281.0963415563781,287.1293429377889,303.3707954188002,0.0,128.69466542838398,128.21712581622558,128.5591291817757,128.76468606623135,127.99506145470788,127.41485060394922,128.20906847417788,185.0,112.0,195.0,112.0,128.26494100363593,0.46937042642866894,135.95088778239227,23.54215412612892,146.54374763178302,29.040367039653642,127.41485060394922,128.76468606623135,128.54421533746194,129.72525640232328,134.1745970860164,0.003724460434738397,0.4855969542061018,-66.79093152582212,1.0033502796480107,0.878199627278213,0,12,4,52,26,2022,0,1,0.0,1.0,-2.4492935982947064e-16,1.0,6.432490598706546e-16,1.0,0,36452.79704905284,0.0
2022-12-27,AI,South,129.33138288594628,0,2,281.0,281.0,281.0,281.0,281.0,281.0,281.0,281.0,510.0,283.5,598.0,230.0,281.0,0.0,314.07142857142856,84.0718230358509,332.48333333333335,102.34395045825767,281.0,281.0,281.04817077818905,285.5970072033417,300.38802269629355,0.0,129.31826865891912,128.69466542838398,128.21712581622558,128.5591291817757,128.76468606623135,127.99506145470788,127.41485060394922,191.0,188.0,162.0,185.0,128.42339817288467,0.6127082328573453,131.97362125802937,18.85520620350997,147.12102325374698,28.497062054995155,127.41485060394922,129.31826865891912,128.93124199819053,129.62350946647223,133.5270866290701,0.00484560279526236,1.9034180549699045,-34.58514939605078,1.0069681186746176,0.8789924439071158,1,12,4,52,27,2022,0,0,0.7818314824680298,0.6234898018587336,-2.4492935982947064e-16,1.0,6.432490598706546e-16,1.0,0,36424.2061600787,219.69464657351637
2022-12-28,AI,South,128.53992525475104,0,2,281.0,281.0,281.0,281.0,281.0,281.0,281.0,281.0,515.0,204.0,250.0,242.0,281.0,0.0,297.7142857142857,62.53913060750729,334.18333333333334,100.9976513326555,281.0,281.0,281.0240853890945,284.4477554025063,297.8029530034544,0.0,129.33138288594628,129.31826865891912,128.69466542838398,128.21712581622558,128.5591291817757,128.76468606623135,127.99506145470788,100.0,118.0,154.0,195.0,128.69718849888426,0.5058010665828726,127.56872003559695,8.194596165073955,145.26540268327855,27.74809618896355,127.99506145470788,129.33138288594628,129.1313124420684,129.55047782134073,132.96765946332027,0.0001014104748164879,1.336321431238403,-26.00493854529212,1.0049277951564555,0.8903109729273658,2,12,4,52,28,2022,0,0,0.9749279121818236,-0.22252093395631434,-2.4492935982947064e-16,1.0,6.432490598706546e-16,1.0,0,36403.68426779674,273.95474332309243
2022-12-29,AI,South,129.05925911338971,0,2,281.0,281.0,281.0,281.0,281.0,281.0,281.0,281.0,281.0,458.0,440.0,598.0,281.0,0.0,281.0,0.0,335.48333333333335,100.01641962899043,281.0,281.0,281.0120426945473,283.5858165518797,295.5625592696605,0.0,128.53992525475104,129.33138288594628,129.31826865891912,128.69466542838398,128.21712581622558,128.5591291817757,128.76468606623135,132.0,151.0,168.0,162.0,128.7750261846047,0.41318815695787103,129.60728612522203,2.069869437803726,143.05006685843694,26.253228676119573,128.21712581622558,129.33138288594628,128.83561884840972,129.2978396796933,132.3772949021777,-0.006119610055458913,-0.22476081148030858,-39.23531393376865,0.9981743204797259,0.8985659858753426,3,12,4,52,29,2022,0,0,0.43388373911755823,-0.900968867902419,-2.4492935982947064e-16,1.0,6.432490598706546e-16,1.0,0,36332.69294999382,121.92133069203386
2022-12-30,AI,South,129.46273457556657,0,2,281.0,281.0,281.0,281.0,281.0,281.0,281.0,281.0,281.0,315.0,371.0,250.0,281.0,0.0,281.0,0.0,324.9166666666667,87.25686252365063,281.0,281.0,281.00602134727365,282.93936241390975,293.62088470037247,0.0,129.05925911338971,128.53992525475104,129.33138288594628,129.31826865891912,128.69466542838398,128.21712581622558,128.5591291817757,134.5249092974204,115.0,199.0,154.0,128.81710804848447,0.42673801002215384,129.39723320474988,1.9543682054421097,141.9520421622166,26.121863910090955,128.21712581622558,129.33138288594628,128.94743898089973,129.2381945381174,131.9348901303393,0.004040253311252684,0.5001299316140262,-70.44087081822431,1.0018797973863403,0.9091750723581092,4,12,4,52,30,2022,0,1,-0.433883739117558,-0.9009688679024191,-2.4492935982947064e-16,1.0,6.432490598706546e-16,1.0,0,36315.93266521099,-121.9213306920338
2022-12-31,AI,South,129.40784144039392,0,2,281.0,281.0,281.0,281.0,281.0,281.0,281.0,281.0,281.0,235.0,268.0,440.0,281.0,0.0,281.0,0.0,325.95,86.51951643495202,281.0,281.0,281.0030106736368,282.4545218104323,291.9381000736562,0.0,129.46273457556657,129.05925911338971,128.53992525475104,129.33138288594628,129.31826865891912,128.69466542838398,128.21712581622558,132.81581367107728,141.0,142.0,168.0,128.9461945333118,0.4701540967304052,129.03564929604602,1.2870671331341186,141.13413331473546,26.115764640136664,128.21712581622558,129.46273457556657,129.20508677823315,129.2943295474797,131.60526938970295,0.003126280632235634,1.2456087593409961,-13.782874183774425,1.0040058494174133,0.9173027857800782,5,12,4,52,31,2022,1,0,-0.9749279121818236,-0.2225209339563146,-2.4492935982947064e-16,1.0,6.432490598706546e-16,1.0,0,36331.70660284179,-273.95474332309243
2023-01-01,AI,South,130.0117431158644,0,2,281.0,281.0,281.0,281.0,281.0,281.0,281.0,281.0,281.0,510.0,462.0,371.0,281.0,0.0,281.0,0.0,320.65,84.12912386777019,281.0,281.0,281.0015053368184,282.09089135782426,290.47968673050207,0.0,129.40784144039392,129.46273457556657,129.05925911338971,128.53992525475104,129.33138288594628,129.31826865891912,128.69466542838398,130.11711895954235,194.0,157.0,199.0,129.11629676533582,0.36635650561581756,128.79222270814006,0.7100561573559458,139.84772802941526,25.693852539321952,128.53992525475104,129.46273457556657,129.30646410931354,129.32270752070824,131.31227899646174,-0.00042400722765989496,0.7131760120099386,-28.305334571616015,1.0022579928336233,0.9253481793270634,6,1,1,52,1,2023,1,0,-0.7818314824680299,0.6234898018587334,0.49999999999999994,0.8660254037844387,6.432490598706546e-16,1.0,0,36339.68081331901,-219.6946465735164
2023-01-02,AI,South,130.31223956663018,0,2,281.0,281.0,281.0,281.0,281.0,281.0,281.0,281.0,281.0,348.0,363.0,268.0,281.0,0.0,281.0,0.0,317.65,83.87605284811221,281.0,281.0,281.0007526684092,281.8181685183682,289.2157284997685,0.0,130.0117431158644,129.40784144039392,129.46273457556657,129.05925911338971,128.53992525475104,129.33138288594628,129.31826865891912,128.20906847417788,185.0,112.0,142.0,129.30445072069014,0.44376050996173344,128.78469586216306,0.6953374115060643,137.54811946661076,23.181560020646373,128.53992525475104,130.0117431158644,129.65910361258898,129.49496641949727,131.1388742123821,0.004666654421777272,0.6934744569452675,17.318268658919123,1.005469969407566,0.9452091578919409,0,1,1,1,2,2023,0,1,0.0,1.0,0.49999999999999994,0.8660254037844387,0.12053668025532305,0.992708874098054,0,36388.08556387873,0.0
2023-01-03,AI,South,130.92333176157294,0,2,281.0,281.0,281.0,281.0,281.0,281.0,281.0,281.0,281.0,510.0,283.5,462.0,281.0,0.0,281.0,0.0,318.0833333333333,83.64395842862291,281.0,281.0,281.0003763342046,281.6136263887762,288.1202980331327,0.0,130.31223956663018,130.0117431158644,129.40784144039392,129.46273457556657,129.05925911338971,128.53992525475104,129.33138288594628,127.41485060394922,191.0,188.0,157.0,129.44644656464888,0.5853557359820295,128.9349223687668,0.7830666706643181,137.15852745216506,23.202364835066103,128.53992525475104,130.31223956663018,129.98567158960958,129.6992847062805,131.02865625961516,0.0023113023759553375,0.9808566806838996,-58.66861711405372,1.0066884184021265,0.9500848473456569,1,1,1,1,3,2023,0,0,0.7818314824680298,0.6234898018587336,0.49999999999999994,0.8660254037844387,0.12053668025532305,0.992708874098054,0,36445.49900246482,219.69464657351637
2023-01-04,AI,South,131.90667896039298,0,2,281.0,281.0,281.0,281.0,281.0,281.0,281.0,281.0,281.0,515.0,204.0,363.0,281.0,0.0,281.0,0.0,312.05,79.32129665763337,281.0,281.0,281.0001881671023,281.4602197915822,287.1709249620484,0.0,130.92333176157294,130.31223956663018,130.0117431158644,129.40784144039392,129.46273457556657,129.05925911338971,128.53992525475104,127.99506145470788,100.0,118.0,112.0,129.67386783259556,0.8022629690255315,129.1855281657399,0.8197289592252006,136.28930517755086,22.920153378405065,128.53992525475104,130.92333176157294,130.45450167559125,130.00529647010362,131.01461299320954,0.004689445879949794,2.383406506821899,10.53992525475104,1.009635425704699,0.9606280597761104,2,1,1,1,4,2023,0,0,0.9749279121818236,-0.22252093395631434,0.49999999999999994,0.8660254037844387,0.12053668025532305,0.992708874098054,0,36531.48830809911,273.95474332309243
2023-01-05,AI,South,131.6185032408423,0,2,281.0,281.0,281.0,281.0,281.0,281.0,281.0,281.0,281.0,281.0,458.0,283.5,281.0,0.0,281.0,0.0,309.31666666666666,78.91685752929375,281.0,281.0,281.0000940835512,281.34516484368663,286.34813496710865,0.0,131.90667896039298,130.92333176157294,130.31223956663018,130.0117431158644,129.40784144039392,129.46273457556657,129.05925911338971,128.76468606623135,132.0,151.0,188.0,130.15483264768724,0.9951620402303034,129.464929416146,1.0239426892266275,136.9528611428973,22.476575827365092,129.05925911338971,131.90667896039298,131.1805903179921,130.48064209267596,131.13355512216734,0.007510862927097239,2.847419847003266,-21.940740886610286,1.0134597022915628,0.963153868392768,3,1,1,1,5,2023,0,0,0.43388373911755823,-0.900968867902419,0.49999999999999994,0.8660254037844387,0.12053668025532305,0.992708874098054,0,36665.06042804194,121.92133069203386
2023-01-06,AI,South,131.4639305418936,0,2,281.0,281.0,281.0,281.0,281.0,281.0,281.0,281.0,281.0,281.0,315.0,204.0,281.0,0.0,281.0,0.0,309.23333333333335,78.94637347628749,281.0,281.0,281.0000470417756,281.25887363276496,285.6350503048275,0.0,131.6185032408423,131.90667896039298,130.92333176157294,130.31223956663018,130.0117431158644,129.40784144039392,129.46273457556657,128.5591291817757,134.5249092974204,115.0,118.0,130.52043895160907,0.9956956837503309,129.66877350004674,1.15010928987062,135.07347791759202,20.314238183480068,129.40784144039392,131.90667896039298,131.39954677941722,130.76510737971756,131.198214871324,-0.0021846939201404236,2.1557686652757297,14.462734575566571,1.0084129603734124,0.9744215096521088,4,1,1,1,6,2023,0,1,-0.433883739117558,-0.9009688679024191,0.49999999999999994,0.8660254037844387,0.12053668025532305,0.992708874098054,0,36744.995173700634,-121.9213306920338
2023-01-07,AI,South,130.03230556503308,0,2,281.0,281.0,281.0,281.0,281.0,281.0,281.0,281.0,281.0,281.0,235.0,458.0,281.0,0.0,281.0,0.0,311.8,76.6246561560604,281.0,281.0,281.0000235208878,281.1941552245737,285.01704359751716,0.0,131.4639305418936,131.6185032408423,131.90667896039298,130.92333176157294,130.31223956663018,130.0117431158644,129.40784144039392,128.21712581622558,132.81581367107728,141.0,151.0,130.8063240896558,0.9262635528995509,129.87625931148378,1.1956440538941213,135.52227560232183,20.071306092477634,129.40784144039392,131.90667896039298,131.4317386606554,130.93981317026157,131.23364362739994,-0.0011743994586068673,2.05608910149968,-11.592158559606077,1.0050273215135972,0.9700540297715254,5,1,1,1,7,2023,1,0,-0.9749279121818236,-0.2225209339563146,0.49999999999999994,0.8660254037844387,0.12053668025532305,0.992708874098054,0,36794.0875008435,-273.95474332309243
2023-01-08,AI,South,129.7963860601356,0,2,281.0,281.0,281.0,281.0,281.0,281.0,281.0,281.0,281.0,281.0,510.0,315.0,281.0,0.0,281.0,0.0,305.9,71.63092666699501,281.0,281.0,281.0000117604439,281.1456164184303,284.48143778451487,0.0,130.03230556503308,131.4639305418936,131.6185032408423,131.90667896039298,130.92333176157294,130.31223956663018,130.0117431158644,128.69466542838398,130.11711895954235,194.0,115.0,130.89553325031852,0.7890319017980412,130.00591500782716,1.096168825809653,134.82335245448957,19.877892355980542,130.0117431158644,131.90667896039298,130.73202211284425,130.71293626895445,131.07346521908437,-0.010889868962226879,0.02056244916869332,-63.98825688413561,0.9934052090452938,0.964464258107378,6,1,1,1,8,2023,1,0,-0.7818314824680299,0.6234898018587334,0.49999999999999994,0.8660254037844387,0.12053668025532305,0.992708874098054,0,36730.3350915762,-219.6946465735164
2023-01-09,AI,South,129.05398098262506,0,2,281.0,281.0,281.0,281.0,281.0,281.0,281.0,281.0,281.0,281.0,348.0,235.0,281.0,0.0,281.0,0.0,304.76666666666665,71.7508540539502,281.0,281.0,281.0000058802219,281.1092123138227,284.01724607991287,0.0,129.7963860601356,130.03230556503308,131.4639305418936,131.6185032408423,131.90667896039298,130.92333176157294,130.31223956663018,129.31826865891912,128.20906847417788,185.0,141.0,130.86476795664296,0.8322501700404502,130.08460933866655,1.0324894107575096,135.3165653231608,19.549931520775118,129.7963860601356,131.90667896039298,130.26420408648994,130.48379871674973,130.9031879978912,-0.0018143145572351305,-0.5158535064945795,-54.68776043336982,0.9918359776659116,0.9592054364589625,0,1,1,2,9,2023,0,1,0.0,1.0,0.49999999999999994,0.8660254037844387,0.23931566428755774,0.970941817426052,0,36665.94743940667,0.0
2023-01-10,AI,South,128.90645398661812,0,2,281.0,281.0,281.0,281.0,281.0,281.0,281.0,281.0,281.0,281.0,510.0,510.0,281.0,0.0,281.0,0.0,306.3,70.69221778365998,281.0,281.0,281.00000294011096,281.081909235367,283.61494660259115,0.0,129.05398098262506,129.7963860601356,130.03230556503308,131.4639305418936,131.6185032408423,131.90667896039298,130.92333176157294,129.33138288594628,127.41485060394922,191.0,194.0,130.6850167303565,1.072639298897549,130.0657316475027,1.0498488760458884,134.91836468924828,19.55183779358568,129.05398098262506,131.90667896039298,129.6590925345575,130.12634428321857,130.65662706252238,-0.005719766936858939,-1.8693507789478758,-60.07666823842706,0.9875193287183328,0.9565338293518141,1,1,1,2,10,2023,0,0,0.7818314824680298,0.6234898018587336,0.49999999999999994,0.8660254037844387,0.23931566428755774,0.970941817426052,0,36565.50274358442,219.69464657351637
2023-01-11,AI,South,129.0129017212063,0,2,281.0,281.0,281.0,281.0,281.0,281.0,281.0,281.0,281.0,281.0,515.0,348.0,281.0,0.0,281.0,0.0,298.6666666666667,59.40006579198337,281.0,281.0,281.0000014700555,281.06143192652524,283.266287055579,0.0,128.90645398661812,129.05398098262506,129.7963860601356,130.03230556503308,131.4639305418936,131.6185032408423,131.90667896039298,128.53992525475104,127.99506145470788,100.0,185.0,130.3968913339344,1.2535754241437629,130.03537958326496,1.0784652105629733,132.74857982213555,16.071200328871722,128.90645398661812,131.90667896039298,129.28277326058782,129.82137170906844,130.4232706524018,-0.0011431417681474487,-3.0002249737748627,31.90667896039298,0.9885699856749699,0.9710571155508974,2,1,1,2,11,2023,0,0,0.9749279121818236,-0.22252093395631434,0.49999999999999994,0.8660254037844387,0.23931566428755774,0.970941817426052,0,36479.805450248234,273.95474332309243
2023-01-12,AI,South,129.97774031094957,0,2,281.0,281.0,281.0,281.0,281.0,281.0,281.0,281.0,281.0,281.0,281.0,510.0,281.0,0.0,281.0,0.0,296.43333333333334,58.73710178785452,281.0,281.0,281.00000073502775,281.0460739448939,282.9641154481685,0.0,129.0129017212063,128.90645398661812,129.05398098262506,129.7963860601356,130.03230556503308,131.4639305418936,131.6185032408423,129.05925911338971,128.76468606623135,132.0,191.0,129.98349458547915,1.1451636370552412,130.0691636165832,1.0345282095331352,130.88234321284241,12.689229927077742,128.90645398661812,131.6185032408423,129.14783749089707,129.6192542121029,130.23522146157575,0.0008257750585494161,-2.6056015196359965,-0.38149675915769876,0.9925329453566313,0.9857166182124917,3,1,1,2,12,2023,0,0,0.43388373911755823,-0.900968867902419,0.49999999999999994,0.8660254037844387,0.23931566428755774,0.970941817426052,0,36423.01043360092,121.92133069203386
2023-01-13,AI,South,132.0288823285192,0,2,281.0,281.0,281.0,281.0,281.0,281.0,281.0,281.0,281.0,281.0,281.0,515.0,281.0,0.0,281.0,0.0,288.8,42.72235948540297,281.0,281.0,281.00000036751385,281.0345554586704,282.7022333884127,0.0,129.97774031094957,129.0129017212063,128.90645398661812,129.05398098262506,129.7963860601356,130.03230556503308,131.4639305418936,129.46273457556657,128.5591291817757,134.5249092974204,100.0,129.74909988120876,0.895413517193263,130.13476941640891,0.9938822648819576,128.8482678898741,5.669160080012736,128.90645398661812,131.4639305418936,129.56278890092332,129.70887573681458,130.20089064149226,0.0074786209508586055,-1.4861902309440325,-3.060978755526804,1.0017621658122329,1.0087659029555207,4,1,1,2,13,2023,0,1,-0.433883739117558,-0.9009688679024191,0.49999999999999994,0.8660254037844387,0.23931566428755774,0.970941817426052,0,36448.194082044894,-121.9213306920338
2023-01-14,AI,South,133.87409353654132,0,2,281.0,281.0,281.0,281.0,281.0,281.0,281.0,281.0,281.0,281.0,281.0,281.0,281.0,0.0,281.0,0.0,281.0,0.0,281.0,281.0,281.0000001837569,281.0259165940028,282.4752689366244,0.0,132.0288823285192,129.97774031094957,129.0129017212063,128.90645398661812,129.05398098262506,129.7963860601356,130.03230556503308,129.40784144039392,128.21712581622558,132.81581367107728,132.0,129.82980727929814,1.0818009847880117,130.31806568447695,1.0921782407330312,129.91589730082472,1.6160901686079188,128.90645398661812,132.0288823285192,130.79583561472126,130.28887738474074,130.4446228664292,0.01578071762643818,1.9965767634861038,-2.783508106044195,1.0169381290657864,1.0162642452181008,5,1,1,2,14,2023,1,0,-0.9749279121818236,-0.2225209339563146,0.49999999999999994,0.8660254037844387,0.23931566428755774,0.970941817426052,0,36611.174545112146,-273.95474332309243
2022-11-08,AI,West,108.07981904436481,0,3,320.0,320.0,599.0,305.0,349.0,553.0,399.0,359.0,270.0,272.0,364.0,500.0,412.0,116.69761494277994,393.64285714285717,110.33697137744561,400.85,100.71033488040908,305.0,599.0,398.7234357480047,405.8724012248067,402.82809377331233,-0.4657762938230384,107.0,117.0,134.0,138.0,152.0,175.0,199.0,193.0,142.0,174.0,149.0,146.0,32.29034943549956,150.28571428571428,32.23335246276768,139.56666666666666,30.646970186450655,107.0,199.0,118.42604146746453,133.31348902408763,139.90768197643132,-0.0854700854700855,-92.0,25.0,0.7328767073090636,0.7666587000239405,1,11,4,45,8,2022,0,0,0.7818314824680298,0.6234898018587336,-0.5000000000000004,0.8660254037844384,-0.7485107481711011,0.6631226582407952,0,42660.31648770804,250.18607438976954
2022-11-09,AI,West,109.48231951170439,0,3,320.0,320.0,320.0,599.0,305.0,349.0,553.0,399.0,509.0,288.0,416.0,512.0,406.42857142857144,120.51812746478866,397.2142857142857,106.77883582536278,394.85,99.95871130380404,305.0,599.0,359.36171787400235,384.40430091860503,391.78434793687074,0.0,108.07981904436481,107.0,117.0,134.0,138.0,152.0,175.0,184.0,113.0,140.5,147.0,133.01140272062355,24.84624219980203,144.21998707459747,31.560176804983595,138.20266063481216,31.11961632621328,107.0,175.0,113.25293025591466,127.00507152915692,135.66396691882244,0.010091766769764643,-66.92018095563519,34.5,0.8125605476006786,0.7820386218751402,2,11,4,45,9,2022,0,0,0.9749279121818236,-0.22252093395631434,-0.5000000000000004,0.8660254037844384,-0.7485107481711011,0.6631226582407952,0,40641.62288933022,311.9769318981836
2022-11-10,AI,West,112.62216587051887,0,3,320.0,320.0,320.0,320.0,599.0,305.0,349.0,553.0,363.0,420.0,238.0,364.0,395.14285714285717,124.94722695526109,383.7142857142857,103.45450770669765,388.45,98.33268215252926,305.0,599.0,339.6808589370012,368.3032256889538,382.213101545288,0.0,109.48231951170439,108.07981904436481,107.0,117.0,134.0,138.0,152.0,139.0,114.0,107.0,174.0,123.65173407943847,17.70765458006055,138.8972956111478,30.60442825808745,136.9520712852023,31.50535296121507,107.0,152.0,111.36762488380953,122.62438352479379,132.17308059787337,0.012976524939997125,-42.51768048829561,45.0,0.8854086798003189,0.7994206855352125,3,11,4,45,10,2022,0,0,0.43388373911755823,-0.900968867902419,-0.5000000000000004,0.8660254037844384,-0.7485107481711011,0.6631226582407952,0,39239.80272793401,138.84279651761864
2022-11-11,AI,West,114.60501539363625,0,3,320.0,320.0,320.0,320.0,320.0,599.0,305.0,349.0,277.0,471.5,493.0,416.0,361.85714285714283,105.390430576703,380.64285714285717,104.74702649927379,386.98333333333335,99.03556339059195,305.0,599.0,329.8404294685006,356.22741926671534,373.9180213392496,0.0,112.62216587051887,109.48231951170439,108.07981904436481,107.0,117.0,134.0,138.0,125.0,107.0,120.0,140.5,118.02632920379831,12.76634324065067,137.01316460189915,31.399260129098955,134.90614348088627,31.00547857547228,107.0,138.0,111.9948953771642,120.12382911122506,129.56629196755944,0.028679026648488204,-25.37783412948113,18.0,0.9542122141394385,0.8348186533970317,4,11,4,45,11,2022,0,1,-0.433883739117558,-0.9009688679024191,-0.5000000000000004,0.8660254037844384,-0.7485107481711011,0.6631226582407952,0,38439.62531559202,-138.84279651761855
2022-11-12,AI,West,116.78126279507312,0,3,320.0,320.0,320.0,320.0,320.0,320.0,599.0,305.0,519.0,523.0,374.0,238.0,357.7142857142857,106.54375358776988,383.7142857142857,102.07043463399978,383.78333333333336,99.61492092685901,305.0,599.0,324.9202147342503,347.1705644500365,366.7289518273497,0.0,114.60501539363625,112.62216587051887,109.48231951170439,108.07981904436481,107.0,117.0,134.0,106.0,103.5,105.0,107.0,114.68418854574632,9.241623705584956,136.27066570144459,31.825203774874456,134.0429773273408,31.204190835763555,107.0,134.0,113.29995538540022,118.74412568182785,127.57145509103634,0.017606210178882975,-19.39498460636375,29.0,0.9993096332421786,0.8549870856626604,5,11,4,45,12,2022,1,0,-0.9749279121818236,-0.2225209339563146,-0.5000000000000004,0.8660254037844384,-0.7485107481711011,0.6631226582407952,0,37998.120218184915,-311.9769318981836
2022-11-13,AI,West,119.44554902148764,0,3,320.0,320.0,320.0,320.0,320.0,320.0,320.0,599.0,417.0,355.0,371.0,493.0,359.85714285714283,105.4520879695744,369.5,95.42113134779062,386.51666666666665,96.55483374508098,320.0,599.0,322.46010736712515,340.37792333752736,360.49842491703646,0.0,116.78126279507312,114.60501539363625,112.62216587051887,109.48231951170439,108.07981904436481,107.0,117.0,147.0,100.0,122.0,120.0,112.22436894504247,4.110713913840344,137.04075590109267,31.159870417770993,134.36901942050991,30.962045345985302,107.0,117.0,115.04060909023667,118.25340996013917,126.13276278490791,0.018989111374943413,-0.21873720492688165,-5.0,1.0406051987840272,0.869108537292334,6,11,4,45,13,2022,1,0,-0.7818314824680299,0.6234898018587334,-0.5000000000000004,0.8660254037844384,-0.7485107481711011,0.6631226582407952,0,37841.091187244536,-250.18607438976957
2022-11-14,AI,West,123.87220825221456,0,3,320.0,320.0,320.0,320.0,320.0,320.0,320.0,320.0,272.0,549.0,368.0,374.0,320.0,0.0,362.57142857142856,95.22823941676957,380.75,95.1315559161863,320.0,320.0,321.2300536835626,335.2834425031455,355.0986349280983,0.0,119.44554902148764,116.78126279507312,114.60501539363625,112.62216587051887,109.48231951170439,108.07981904436481,107.0,188.0,150.0,189.0,105.0,112.57373309096928,4.652458415841442,135.0725808311989,31.35204642629298,134.35053772122617,30.97108234702834,107.0,119.44554902148764,117.24307905586215,118.55144472547629,125.24113428311854,0.022814329650551857,12.445549021487636,-82.0,1.0610427910738516,0.8890589509978372,0,11,4,46,14,2022,0,1,0.0,1.0,-0.5000000000000004,0.8660254037844384,-0.6631226582407955,0.7485107481711007,0,37936.46231215241,0.0
2022-11-15,AI,West,127.35338056687205,0,3,320.0,320.0,320.0,320.0,320.0,320.0,320.0,320.0,359.0,270.0,272.0,371.0,320.0,0.0,366.0,92.54271363080859,378.95,95.77239091757585,320.0,320.0,320.6150268417813,331.4625818773591,350.4188169376852,0.0,123.87220825221456,119.44554902148764,116.78126279507312,114.60501539363625,112.62216587051887,109.48231951170439,108.07981904436481,199.0,193.0,142.0,122.0,114.98404855557138,5.564678963402616,130.49202427778567,27.46852221642558,134.97961132963331,30.54307282287398,108.07981904436481,123.87220825221456,120.55764365403836,119.88163560716086,125.05861081233135,0.037060060144481266,15.792389207849752,-33.92018095563519,1.0772990578345178,0.9177105054184524,1,11,4,46,15,2022,0,0,0.7818314824680298,0.6234898018587336,-0.5000000000000004,0.8660254037844384,-0.6631226582407955,0.7485107481711007,0,38362.12339429148,250.18607438976954
2022-11-16,AI,West,130.72233627823346,0,3,320.0,320.0,320.0,320.0,320.0,320.0,320.0,320.0,399.0,509.0,288.0,368.0,320.0,0.0,363.2142857142857,93.35307548922371,377.25,96.36914927005677,320.0,320.0,320.30751342089064,328.59693640801936,346.36297467932724,0.0,127.35338056687205,123.87220825221456,119.44554902148764,116.78126279507312,114.60501539363625,112.62216587051887,109.48231951170439,175.0,184.0,113.0,189.0,117.73741448735814,6.298924952938639,125.37440860399082,19.132342230668776,135.15805734852904,30.480199011911875,109.48231951170439,127.35338056687205,123.9555121104552,121.74957184708865,125.36458011293678,0.028102932560704064,17.871061055167658,-3.5176804882956105,1.0816729757461545,0.9422551797723282,2,11,4,46,16,2022,0,0,0.9749279121818236,-0.22252093395631434,-0.5000000000000004,0.8660254037844384,-0.6631226582407955,0.7485107481711007,0,38959.86299106837,311.9769318981836
2022-11-17,AI,West,132.95181013474377,0,3,320.0,320.0,320.0,320.0,320.0,320.0,320.0,320.0,553.0,363.0,420.0,272.0,320.0,0.0,357.57142857142856,93.4111789436808,375.65,96.92488648788634,320.0,320.0,320.15375671044535,326.44770230601455,342.8479113887503,0.0,130.72233627823346,127.35338056687205,123.87220825221456,119.44554902148764,116.78126279507312,114.60501539363625,112.62216587051887,152.0,139.0,114.0,142.0,120.77170259686227,6.758599508703161,122.21171833815038,12.962873681185693,133.2154685578035,28.73766285160346,112.62216587051887,130.72233627823346,127.33892419434433,123.99276295487485,126.07894760164301,0.02645360253780149,18.100170407714586,-1.3778341294811298,1.0823920867638546,0.9812849567107652,3,11,4,46,17,2022,0,0,0.43388373911755823,-0.900968867902419,-0.5000000000000004,0.8660254037844384,-0.6631226582407955,0.7485107481711007,0,39677.68414555995,138.84279651761864
2022-11-18,AI,West,135.1693867126595,0,3,320.0,320.0,320.0,320.0,320.0,320.0,320.0,320.0,349.0,277.0,471.5,288.0,320.0,0.0,340.92857142857144,74.82026081598103,377.25,95.54117635506873,320.0,320.0,320.0768783552227,324.83577672951094,339.8015232035836,0.0,132.95181013474377,130.72233627823346,127.35338056687205,123.87220825221456,119.44554902148764,116.78126279507312,114.60501539363625,138.0,125.0,107.0,113.0,123.67593749175155,7.0352684433709385,120.85113334777493,10.327559802541685,132.91386222896162,28.689729780086832,114.60501539363625,132.95181013474377,130.14536716454404,126.23252474984209,126.99532927272311,0.01705503374545736,18.346794741107516,7.605015393636251,1.0750014251447209,1.0002854999836757,4,11,4,46,18,2022,0,1,-0.433883739117558,-0.9009688679024191,-0.5000000000000004,0.8660254037844384,-0.6631226582407955,0.7485107481711007,0,40394.407919949466,-138.84279651761855
2022-11-19,AI,West,137.29556152483306,0,3,320.0,320.0,320.0,320.0,320.0,320.0,320.0,320.0,305.0,519.0,523.0,420.0,320.0,0.0,338.85714285714283,74.98087668287071,378.31666666666666,94.68518466688596,320.0,320.0,320.03843917761134,323.6268325471332,337.1613201097725,0.0,135.1693867126595,132.95181013474377,130.72233627823346,127.35338056687205,123.87220825221456,119.44554902148764,116.78126279507312,134.0,106.0,103.5,114.0,126.61370482304059,6.9086228904625075,120.64894668439342,9.988134610185126,133.6528417860503,28.443567849961955,116.78126279507312,135.1693867126595,132.65737693860177,128.46674024054644,128.08520359804797,0.01667955160345902,18.388123917586384,13.281262795073118,1.067573102248319,1.011346888663168,5,11,4,46,19,2022,1,0,-0.9749279121818236,-0.2225209339563146,-0.5000000000000004,0.8660254037844384,-0.6631226582407955,0.7485107481711007,0,41109.35687697486,-311.9769318981836
2022-11-20,AI,West,138.22409766885565,0,3,320.0,320.0,320.0,320.0,320.0,320.0,320.0,320.0,599.0,417.0,355.0,471.5,320.0,0.0,339.92857142857144,74.56588649356638,374.98333333333335,94.92705759881012,320.0,320.0,320.01921958880564,322.72012441034985,334.8731440951362,0.0,137.29556152483306,135.1693867126595,132.95181013474377,130.72233627823346,127.35338056687205,123.87220825221456,119.44554902148764,117.0,147.0,100.0,107.0,129.54431892729198,6.372860093445244,120.88434393616726,10.358943455811477,134.4293605035447,28.205530019224284,119.44554902148764,137.29556152483306,134.97646923171743,130.6739455616181,129.3132513216193,0.01572970673228946,17.850012503345425,19.445549021487636,1.0598346697245509,1.021321235102443,6,11,4,46,20,2022,1,0,-0.7818314824680299,0.6234898018587334,-0.5000000000000004,0.8660254037844384,-0.6631226582407955,0.7485107481711007,0,41815.66257971779,-250.18607438976957
2022-11-21,AI,West,138.2686581519039,0,3,320.0,320.0,320.0,320.0,320.0,320.0,320.0,320.0,320.0,272.0,549.0,523.0,320.0,0.0,320.0,0.0,369.93333333333334,93.63646995560612,320.0,320.0,320.0096097944028,322.0400933077624,332.89005821578473,0.0,138.22409766885565,137.29556152483306,135.1693867126595,132.95181013474377,130.72233627823346,127.35338056687205,123.87220825221456,107.0,188.0,150.0,103.5,132.22696873405886,5.27031324362632,122.40035091251409,11.26056179542731,135.47016375917323,27.730561912998144,123.87220825221456,138.22409766885565,136.60028345028655,132.56148358842748,130.50136416791747,0.006763045605481244,14.351889416641086,-26.127791747785437,1.0453548012698053,1.0203287042174793,0,11,4,47,21,2022,0,1,0.0,1.0,-0.5000000000000004,0.8660254037844384,-0.5680647467311559,0.8229838658936564,0,42419.67474829679,0.0
2022-11-22,AI,West,137.33986288674652,0,3,320.0,320.0,320.0,320.0,320.0,320.0,320.0,320.0,320.0,359.0,270.0,355.0,320.0,0.0,320.0,0.0,363.1666666666667,89.43426919110554,320.0,320.0,320.00480489720144,321.5300699808218,331.17138378701344,0.0,138.2686581519039,138.22409766885565,137.29556152483306,135.1693867126595,132.95181013474377,130.72233627823346,127.35338056687205,108.07981904436481,199.0,193.0,100.0,134.28360443401448,4.158303853176353,124.63382649479294,11.070396620212216,136.62911903090338,27.066955764732587,127.35338056687205,138.2686581519039,137.43447080109524,133.98827722929659,131.53700336578234,0.00032237854180117154,10.915277585031859,-65.64661943312795,1.0296763905393325,1.0119999171525784,1,11,4,47,22,2022,0,0,0.7818314824680298,0.6234898018587336,-0.5000000000000004,0.8660254037844384,-0.5680647467311559,0.8229838658936564,0,42876.24871337491,250.18607438976954
2022-11-23,AI,West,137.13204746813705,0,3,320.0,320.0,320.0,320.0,320.0,320.0,320.0,320.0,320.0,399.0,509.0,549.0,320.0,0.0,320.0,0.0,362.0,89.7721253104694,320.0,320.0,320.0024024486007,321.14755248561636,329.681865948745,0.0,137.33986288674652,138.2686581519039,138.22409766885565,137.29556152483306,135.1693867126595,132.95181013474377,130.72233627823346,109.48231951170439,175.0,184.0,150.0,135.71024476542513,2.9101700994609963,126.72382962639163,10.449337381045915,137.87378112712824,26.168103788420517,130.72233627823346,138.2686581519039,137.38716684392088,134.82617364365905,132.31071796857756,-0.00671732319942675,6.61752660851306,-53.277663721766544,1.0120080625610108,0.9961274781024763,2,11,4,47,23,2022,0,0,0.9749279121818236,-0.22252093395631434,-0.5000000000000004,0.8660254037844384,-0.5680647467311559,0.8229838658936564,0,43144.3755659709,311.9769318981836
2022-11-24,AI,West,136.2927253641728,0,3,320.0,320.0,320.0,320.0,320.0,320.0,320.0,320.0,320.0,553.0,363.0,270.0,320.0,0.0,320.0,0.0,354.3666666666667,82.78742338824401,320.0,320.0,320.00120122430036,320.86066436421225,328.3909504889123,0.0,137.13204746813705,137.33986288674652,138.2686581519039,138.22409766885565,137.29556152483306,135.1693867126595,132.95181013474377,112.62216587051887,152.0,139.0,193.0,136.6259177925542,1.9186641293418638,128.69881019470827,9.510747460357983,137.44484937606614,26.067753584828548,132.95181013474377,138.2686581519039,137.25960715602895,135.40264209977855,132.95356190185217,-0.0015131471245231065,4.180237333393279,-6.048189865256234,1.0037044850644432,0.997724156946781,3,11,4,47,24,2022,0,0,0.43388373911755823,-0.900968867902419,-0.5000000000000004,0.8660254037844384,-0.5680647467311559,0.8229838658936564,0,43328.84547192913,138.84279651761864
2022-11-25,AI,West,135.81995430936826,0,3,320.0,320.0,320.0,320.0,320.0,320.0,320.0,320.0,320.0,349.0,277.0,509.0,320.0,0.0,320.0,0.0,356.03333333333336,81.52405328716068,320.0,320.0,320.00060061215015,320.6454982731592,327.2721570903907,0.0,136.2927253641728,137.13204746813705,137.33986288674652,138.2686581519039,138.22409766885565,137.29556152483306,135.1693867126595,114.60501539363625,138.0,125.0,184.0,137.10319139675835,1.0881981825934617,130.38956444425494,8.481174084780886,135.55460688820526,23.863164270354854,135.1693867126595,138.2686581519039,136.77616626010087,135.62516291587713,133.39878369682825,-0.006120539432325267,1.1233386515133077,10.169386712659502,0.9940886348565819,1.0054451669881728,4,11,4,47,25,2022,0,1,-0.433883739117558,-0.9009688679024191,-0.5000000000000004,0.8660254037844384,-0.5680647467311559,0.8229838658936564,0,43400.05213308068,-138.84279651761855
2022-11-26,AI,West,135.2389667995162,0,3,320.0,320.0,320.0,320.0,320.0,320.0,320.0,320.0,320.0,305.0,519.0,363.0,320.0,0.0,320.0,0.0,349.73333333333335,76.43971405661767,320.0,320.0,320.0003003060751,320.4841237048694,326.3025361450053,0.0,135.81995430936826,136.2927253641728,137.13204746813705,137.33986288674652,138.2686581519039,138.22409766885565,137.29556152483306,116.78126279507312,134.0,106.0,139.0,137.19612962485962,0.9084497760939453,131.9049172239501,7.249844077004406,133.9486053651842,22.04212638340932,135.81995430936826,138.2686581519039,136.29806028473456,135.67386076424992,133.7216064451669,-0.0034687915553915927,-1.4756072154648052,31.29556152483306,0.989969277491839,1.0139706413897447,5,11,4,47,26,2022,1,0,-0.9749279121818236,-0.2225209339563146,-0.5000000000000004,0.8660254037844384,-0.5680647467311559,0.8229838658936564,0,43415.63544455997,-311.9769318981836
2022-11-27,AI,West,135.05835890205776,0,3,320.0,320.0,320.0,320.0,320.0,320.0,320.0,320.0,320.0,599.0,417.0,277.0,320.0,0.0,320.0,0.0,348.3,76.58538169686938,320.0,320.0,320.00015015303757,320.363092778652,325.46219799233796,0.0,135.2389667995162,135.81995430936826,136.2927253641728,137.13204746813705,137.33986288674652,138.2686581519039,138.22409766885565,119.44554902148764,117.0,147.0,125.0,136.90233037838578,1.1667661587827953,133.2233246528389,5.826592209199396,133.82323759183473,22.02309263108269,135.2389667995162,138.2686581519039,135.7685135421254,135.56513727306648,133.92392115908015,-0.004277629990426135,-2.985130869339457,-8.775902331144351,0.9878499908502493,1.0105790909155883,6,11,4,47,27,2022,1,0,-0.7818314824680299,0.6234898018587334,-0.5000000000000004,0.8660254037844384,-0.5680647467311559,0.8229838658936564,0,43380.84392738128,-250.18607438976957
2022-11-28,AI,West,135.2611031173464,0,3,320.0,320.0,320.0,320.0,320.0,320.0,320.0,320.0,320.0,320.0,272.0,519.0,320.0,0.0,320.0,0.0,349.73333333333335,75.60100954139543,320.0,320.0,320.0000750765188,320.272319583989,324.73390492669296,0.0,135.05835890205776,135.2389667995162,135.81995430936826,136.2927253641728,137.13204746813705,137.33986288674652,138.2686581519039,123.87220825221456,107.0,188.0,106.0,136.45008198312894,1.1824777217036717,134.3385253585939,4.273965288997847,134.15851622190334,21.960611536249665,135.05835890205776,138.2686581519039,135.41343622209158,135.4384426803143,134.0751795248105,-0.0013354723252667622,-3.2102992498461447,-49.73134184809609,0.9898004893024268,1.0067073019200565,0,11,4,48,28,2022,0,1,0.0,1.0,-0.5000000000000004,0.8660254037844384,-0.4647231720437684,0.88545602565321,0,43340.30165770058,0.0
2022-11-29,AI,West,135.29834875056096,0,3,320.0,320.0,320.0,320.0,320.0,320.0,320.0,320.0,320.0,320.0,359.0,417.0,320.0,0.0,320.0,0.0,343.1,68.6477013202316,320.0,320.0,320.0000375382594,320.20423968799173,324.10271760313395,0.0,135.2611031173464,135.05835890205776,135.2389667995162,135.81995430936826,136.2927253641728,137.13204746813705,137.33986288674652,127.35338056687205,108.07981904436481,199.0,147.0,136.02043126390643,0.931287160502008,135.15201784896047,3.032017686846588,135.13388632581487,21.306918553557836,135.05835890205776,137.33986288674652,135.33726966971898,135.39410778957233,134.23330267048195,0.0015011600684091686,-2.078759769400108,-61.660137113253484,0.9944175361456963,1.0009414055500736,1,11,4,48,29,2022,0,0,0.7818314824680298,0.6234898018587336,-0.5000000000000004,0.8660254037844384,-0.4647231720437684,0.88545602565321,0,43326.114492663146,250.18607438976954
2022-11-30,AI,West,135.32368370138713,0,3,320.0,320.0,320.0,320.0,320.0,320.0,320.0,320.0,320.0,320.0,399.0,272.0,320.0,0.0,320.0,0.0,339.8666666666667,67.31845744402999,320.0,320.0,320.0000187691297,320.1531797659938,323.5556885893828,0.0,135.29834875056096,135.2611031173464,135.05835890205776,135.2389667995162,135.81995430936826,136.2927253641728,137.13204746813705,130.72233627823346,109.48231951170439,175.0,188.0,135.72878638730847,0.7515407354565522,135.71951557636683,2.0419565312216097,134.7438312841669,21.18898272222968,135.05835890205776,137.13204746813705,135.31780921013996,135.3701680298195,134.37530881449248,0.00027536100442882017,-1.833698717576084,-37.867952531862954,0.9968286857561084,1.0041153383942993,2,11,4,48,30,2022,0,0,0.9749279121818236,-0.22252093395631434,-0.5000000000000004,0.8660254037844384,-0.4647231720437684,0.88545602565321,0,43318.45376954224,311.9769318981836
2022-12-01,AI,West,135.13541682270082,0,3,320.0,320.0,320.0,320.0,320.0,320.0,320.0,320.0,320.0,320.0,553.0,359.0,320.0,0.0,320.0,0.0,341.46666666666664,66.21112175215097,320.0,320.0,320.00000938456486,320.11488482449533,323.0815967774651,0.0,135.32368370138713,135.29834875056096,135.2611031173464,135.05835890205776,135.2389667995162,135.81995430936826,136.2927253641728,132.95181013474377,112.62216587051887,152.0,199.0,135.47044870634423,0.4314083304778353,136.0481832494492,1.464376789604669,132.98795407421315,18.65461046324688,135.05835890205776,136.2927253641728,135.32074645576353,135.3585469477114,134.5017587994118,0.0001872524761767913,-0.9690416627856848,-15.70727463582719,0.9989166197847926,1.017563459983053,3,12,4,48,1,2022,0,0,0.43388373911755823,-0.900968867902419,-2.4492935982947064e-16,1.0,-0.4647231720437684,0.88545602565321,0,43314.73502326765,138.84279651761864
2022-12-02,AI,West,135.41140373802284,0,3,320.0,320.0,320.0,320.0,320.0,320.0,320.0,320.0,320.0,320.0,349.0,399.0,320.0,0.0,320.0,0.0,340.1666666666667,66.23785943845486,320.0,320.0,320.00000469228246,320.08616361837153,322.6707172071365,0.0,135.13541682270082,135.32368370138713,135.29834875056096,135.2611031173464,135.05835890205776,135.2389667995162,135.81995430936826,135.1693867126595,114.60501539363625,138.0,175.0,135.30511891470536,0.24544135981889428,136.20415515573185,1.201992792496103,130.85913463496982,13.8997711185942,135.05835890205776,135.81995430936826,135.2280816392322,135.30276441645876,134.58624653585034,-0.001391233770296596,-0.6845374866674376,-2.1800456906317436,0.9987457747932117,1.0326785070601388,4,12,4,48,2,2022,0,1,-0.433883739117558,-0.9009688679024191,-2.4492935982947064e-16,1.0,-0.4647231720437684,0.88545602565321,0,43296.884613266804,-138.84279651761855
2022-12-03,AI,West,137.23646004724054,0,3,320.0,320.0,320.0,320.0,320.0,320.0,320.0,320.0,320.0,320.0,305.0,553.0,320.0,0.0,320.0,0.0,337.53333333333336,65.38307981761629,320.0,320.0,320.00000234614123,320.06462271377865,322.3146215795183,0.0,135.41140373802284,135.13541682270082,135.32368370138713,135.29834875056096,135.2611031173464,135.05835890205776,135.2389667995162,137.29556152483306,116.78126279507312,134.0,152.0,135.2467545473703,0.11821234503177168,136.221442086115,1.1876205072391868,129.53951475957058,11.17721009183926,135.05835890205776,135.41140373802284,135.3197426886275,135.32992424684977,134.69626749614,0.002042298916235419,0.17243693850664954,1.2389667995161915,1.001217391056711,1.0453289325965265,5,12,4,48,3,2022,1,0,-0.9749279121818236,-0.2225209339563146,-2.4492935982947064e-16,1.0,-0.4647231720437684,0.88545602565321,0,43305.57575899192,-311.9769318981836
2022-12-04,AI,West,141.40677044760392,0,3,320.0,320.0,320.0,320.0,320.0,320.0,320.0,320.0,320.0,320.0,599.0,349.0,320.0,0.0,320.0,0.0,329.76666666666665,51.20794882621747,320.0,320.0,320.0000011730706,320.048467035334,322.0060053689159,0.0,137.23646004724054,135.41140373802284,135.13541682270082,135.32368370138713,135.29834875056096,135.2611031173464,135.05835890205776,138.22409766885565,119.44554902148764,117.0,138.0,135.53211072561663,0.7607797796845489,136.2172205520012,1.183606986931422,129.04739676114528,10.455941890109253,135.05835890205776,137.23646004724054,136.27810136793403,135.80655819694746,135.03495983628673,0.013477862711980926,2.1781011451827794,18.058358902057762,1.0125752362294358,1.0634577870469923,6,12,4,48,4,2022,1,0,-0.7818314824680299,0.6234898018587334,-2.4492935982947064e-16,1.0,-0.4647231720437684,0.88545602565321,0,43458.09862302319,-250.18607438976957
2022-12-05,AI,West,144.08026491969818,0,3,320.0,320.0,320.0,320.0,320.0,320.0,320.0,320.0,320.0,320.0,320.0,305.0,320.0,0.0,320.0,0.0,328.8,51.10597508760764,320.0,320.0,320.0000005865353,320.0363502765005,321.7385379863938,0.0,141.40677044760392,137.23646004724054,135.41140373802284,135.13541682270082,135.32368370138713,135.29834875056096,135.2611031173464,138.2686581519039,123.87220825221456,107.0,134.0,136.43902666069465,2.3094886051817634,136.4445543219118,1.7626984307126503,129.16095577606538,10.574355849206832,135.13541682270082,141.40677044760392,138.84243590776896,137.20661125961158,135.88453458446236,0.030387773037338972,6.14566733025751,28.26110311734641,1.0364099838007008,1.0948104905476188,0,12,4,49,5,2022,0,1,0.0,1.0,-2.4492935982947064e-16,1.0,-0.35460488704253595,0.9350162426854147,0,43906.115603075705,0.0
2022-12-06,AI,West,146.5619324013599,0,3,320.0,320.0,320.0,320.0,320.0,320.0,320.0,320.0,320.0,320.0,320.0,599.0,320.0,0.0,320.0,0.0,329.3,50.93819784798046,320.0,320.0,320.00000029326765,320.02726270737537,321.5067329215413,0.0,144.08026491969818,141.40677044760392,137.23646004724054,135.41140373802284,135.13541682270082,135.32368370138713,135.29834875056096,137.33986288674652,127.35338056687205,108.07981904436481,117.0,137.69890691817346,3.603062496436819,136.85966909103996,2.674043504020971,129.496964606722,10.8888988478423,135.13541682270082,144.08026491969818,141.46135041373356,138.92502467463322,136.9772986291605,0.01890641065934595,8.781916169137219,27.21852970619615,1.0463428294240125,1.1126149886574577,1,12,4,49,6,2022,0,0,0.7818314824680298,0.6234898018587336,-2.4492935982947064e-16,1.0,-0.35460488704253595,0.9350162426854147,0,44456.007895882634,250.18607438976954
2022-12-07,AI,West,148.18244751937928,0,3,320.0,320.0,320.0,320.0,320.0,320.0,320.0,320.0,320.0,320.0,320.0,320.0,320.0,0.0,320.0,0.0,320.0,0.0,320.0,320.0,320.00000014663385,320.0204470305315,321.3058351986692,0.0,146.5619324013599,144.08026491969818,141.40677044760392,137.23646004724054,135.41140373802284,135.13541682270082,135.32368370138713,137.13204746813705,130.72233627823346,109.48231951170439,107.0,139.30799029685903,4.7003342448873235,137.51838834208377,3.729149058800281,130.48236235343398,11.055321959645708,135.13541682270082,146.5619324013599,144.01164140754673,140.8342516063149,138.25524979878708,0.017224201267570294,11.238248699972786,25.841364189682736,1.0520712490143014,1.1232317428553287,2,12,4,49,7,2022,0,0,0.9749279121818236,-0.22252093395631434,-2.4492935982947064e-16,1.0,-0.35460488704253595,0.9350162426854147,0,45066.960514020764,311.9769318981836
2022-12-21,Compute,East,143.39955723219234,1,0,333.0,333.0,490.0,389.0,448.0,520.0,204.0,599.0,544.0,264.0,361.5,219.0,426.14285714285717,130.7968253582996,412.0,114.92874046388651,393.1333333333333,117.73772235085838,204.0,599.0,393.29950775727536,413.24583834206584,414.266193468524,-0.3204081632653061,144.0,137.0,191.0,138.0,182.0,104.0,173.0,115.0,114.0,120.0,179.0,152.71428571428572,30.679603896368924,143.28571428571428,24.87330534290364,141.16666666666666,29.435005354677365,104.0,191.0,148.55219053826522,150.13494493992022,147.58550933977563,0.051094890510948954,-29.0,53.0,0.9429373184279127,1.020070831026653,2,12,4,51,21,2022,0,0,0.9749279121818236,-0.22252093395631434,-2.4492935982947064e-16,1.0,-0.12053668025532363,0.992708874098054,0,49994.93666499343,324.6509947565473
2022-12-22,Compute,East,143.69146184362432,1,0,333.0,333.0,333.0,490.0,389.0,448.0,520.0,204.0,307.0,284.0,405.0,318.0,388.14285714285717,109.0373461578319,396.92857142857144,110.01710656195125,396.93333333333334,113.69398835693005,204.0,520.0,363.1497538786377,393.1843787565494,403.43070100605416,0.0,143.39955723219234,144.0,137.0,191.0,138.0,182.0,104.0,128.0,185.0,106.0,132.0,148.48565103317034,29.432162326208545,145.31425408801374,23.509701496988203,139.97998524107305,28.56181739343249,104.0,191.0,145.9758738852288,148.45109801298824,147.02738239209788,-0.0041697414431087765,39.399557232192336,-2.0,0.9657468938490985,1.0244289993373061,3,12,4,51,22,2022,0,0,0.43388373911755823,-0.900968867902419,-2.4492935982947064e-16,1.0,-0.12053668025532363,0.992708874098054,0,49434.215638325084,144.48328512614688
2022-12-23,Compute,East,142.50944375230588,1,0,333.0,333.0,333.0,333.0,490.0,389.0,448.0,520.0,259.0,247.5,356.0,361.5,406.57142857142856,79.67613014125193,398.7857142857143,108.59251891744275,397.43333333333334,113.36740191118413,333.0,520.0,348.07487693931887,378.13828406741203,394.0399408719136,0.0,143.69146184362432,143.39955723219234,144.0,137.0,191.0,138.0,182.0,142.0,169.0,143.0,120.0,154.15585986797382,22.42195835821775,146.43507279112978,22.989030183877407,140.36970063586057,28.528922724692748,137.0,191.0,144.83366786442656,147.26118897064725,146.58259298563473,0.002035603296594024,-38.308538156375675,39.0,0.9321180591809501,1.023664367517008,4,12,4,51,23,2022,0,1,-0.433883739117558,-0.9009688679024191,-2.4492935982947064e-16,1.0,-0.12053668025532363,0.992708874098054,0,49037.97592722553,-144.48328512614682
2022-12-24,Compute,East,143.02841399164996,1,0,333.0,333.0,333.0,333.0,333.0,490.0,389.0,448.0,345.0,211.0,360.0,405.0,379.85714285714283,65.37183025184618,404.07142857142856,102.91778966034701,396.48333333333335,113.79749734637774,333.0,490.0,340.53743846965943,366.853713050559,385.90128208899176,0.0,142.50944375230588,143.69146184362432,143.39955723219234,144.0,137.0,191.0,138.0,132.0,196.0,101.0,106.0,148.51435183258894,18.947391544133012,146.4714616305802,22.981872068351333,141.12001542760407,28.269545055145255,137.0,191.0,143.67155580836624,146.0732526660619,146.03950642119088,-0.008226084390489441,4.509443752305884,37.0,0.9595668097678611,1.0098457140232449,5,12,4,51,24,2022,1,0,-0.9749279121818236,-0.2225209339563146,-2.4492935982947064e-16,1.0,-0.12053668025532363,0.992708874098054,0,48642.393137798615,-324.6509947565473
2022-12-25,Compute,East,143.23086490623822,1,0,333.0,333.0,333.0,333.0,333.0,333.0,490.0,389.0,387.0,480.0,468.0,356.0,363.42857142857144,59.58707114483014,403.2142857142857,103.49595203635786,394.0833333333333,114.36949220454919,333.0,490.0,336.76871923482975,358.39028478791926,378.8477778104595,0.0,143.02841399164996,142.50944375230588,143.69146184362432,143.39955723219234,144.0,137.0,191.0,123.0,118.0,108.0,143.0,149.23269668853894,18.573967724438013,147.25920548712662,22.63405803193342,142.35429589399243,27.480633434246027,137.0,191.0,143.3499849000081,145.31204299745892,145.63802743058542,0.0036416550768809675,-47.971586008350044,83.0,0.9584254403157823,1.0047354882315882,6,12,4,51,25,2022,1,0,-0.7818314824680299,0.6234898018587334,-2.4492935982947064e-16,1.0,-0.12053668025532363,0.992708874098054,0,48388.91031815382,-260.34988366185394
2022-12-26,Compute,East,143.15251834976286,1,0,333.0,333.0,333.0,333.0,333.0,333.0,333.0,490.0,429.0,572.0,358.0,360.0,355.42857142857144,59.34042226244867,399.35714285714283,105.1399120168031,393.31666666666666,114.71016575019313,333.0,490.0,334.8843596174149,352.04271359093946,372.7347407690649,0.0,143.23086490623822,143.02841399164996,142.50944375230588,143.69146184362432,143.39955723219234,144.0,137.0,140.0,100.0,126.0,101.0,142.40853453228723,2.4318613261763944,148.70426726614366,21.587730144414166,142.36199139086702,27.48085281220435,137.0,144.0,143.29042490312315,144.79174847465376,145.31707242733913,0.0014154594107440577,6.230864906238224,11.0,1.0057744388064755,1.0061032618382135,0,12,4,52,26,2022,0,1,0.0,1.0,-2.4492935982947064e-16,1.0,6.432490598706546e-16,1.0,0,48215.6522420597,0.0
2022-12-27,Compute,East,142.42886556908252,1,0,333.0,333.0,333.0,333.0,333.0,333.0,333.0,333.0,514.0,558.0,564.0,468.0,333.0,0.0,392.5,106.18325958165258,392.4166666666667,115.08588122559283,333.0,333.0,333.94217980870746,347.2820351932046,367.4367753331896,0.0,143.15251834976286,143.23086490623822,143.02841399164996,142.50944375230588,143.69146184362432,143.39955723219234,144.0,157.0,188.0,144.0,108.0,143.2874657251105,0.47911774826451375,148.92944714826953,21.50624054319744,143.76707533585912,26.347350610493248,142.50944375230588,144.0,143.22147162644302,144.38194094343103,145.02846521699564,-0.0005469949268731567,-0.8474816502371425,0.0,0.9990581983307267,0.9957253218069165,1,12,4,52,27,2022,0,0,0.7818314824680298,0.6234898018587336,-2.4492935982947064e-16,1.0,6.432490598706546e-16,1.0,0,48079.186334162536,260.34988366185394
2022-12-28,Compute,East,141.23211897632282,1,0,333.0,333.0,333.0,333.0,333.0,333.0,333.0,333.0,599.0,544.0,264.0,358.0,333.0,0.0,379.57142857142856,101.151610721967,387.9166666666667,114.66714072008395,333.0,333.0,333.47108990435373,343.71152639490344,362.8452052887643,0.0,142.42886556908252,143.15251834976286,143.23086490623822,143.02841399164996,142.50944375230588,143.69146184362432,143.39955723219234,173.0,115.0,114.0,126.0,143.06301794926517,0.4571969682529017,147.88865183177546,21.438098973893126,144.91470418816186,25.47094301856546,142.42886556908252,143.69146184362432,142.82516859776277,143.8936720998439,144.68185193060722,-0.005055117360298511,-0.9706916631098181,29.399557232192336,0.9955673144266056,0.982846187929295,2,12,4,52,28,2022,0,0,0.9749279121818236,-0.22252093395631434,-2.4492935982947064e-16,1.0,6.432490598706546e-16,1.0,0,47916.592809248024,324.6509947565473
2022-12-29,Compute,East,139.67919161586886,1,0,333.0,333.0,333.0,333.0,333.0,333.0,333.0,333.0,204.0,307.0,284.0,564.0,333.0,0.0,360.57142857142856,79.4100500185968,387.0833333333333,114.9824636804369,333.0,333.0,333.23554495217684,341.03364479617755,358.86584458359573,0.0,141.23211897632282,142.42886556908252,143.15251834976286,143.23086490623822,143.02841399164996,142.50944375230588,143.69146184362432,104.0,128.0,185.0,144.0,142.75338391271237,0.7981221826577486,145.61951747294137,20.222495416813253,145.42244148737262,25.23158987006357,141.23211897632282,143.69146184362432,142.0286437870428,143.22828381896363,144.22188753670264,-0.008402416097172627,-2.459342867301501,-41.308538156375675,0.9893433984958064,0.9711851662000957,3,12,4,52,29,2022,0,0,0.43388373911755823,-0.900968867902419,-2.4492935982947064e-16,1.0,6.432490598706546e-16,1.0,0,47695.01851171489,144.48328512614688
2022-12-30,Compute,East,137.62601800155787,1,0,333.0,333.0,333.0,333.0,333.0,333.0,333.0,333.0,520.0,259.0,247.5,264.0,333.0,0.0,369.7857142857143,66.23638155695285,379.3833333333333,110.36848026851511,333.0,333.0,333.1177724760884,339.02523359713314,355.41706530578296,0.0,139.67919161586886,141.23211897632282,142.42886556908252,143.15251834976286,143.23086490623822,143.02841399164996,142.50944375230588,182.0,142.0,169.0,114.0,142.18020245160443,1.2969774652826107,148.16803115978914,16.47495885349936,145.27841454123492,25.252312943042266,139.67919161586886,143.23086490623822,140.85391770145583,142.34101076818993,143.61619474725813,-0.010995567946653129,-2.830252136437025,-26.490556247694116,0.9824095635326132,0.961458666075713,4,12,4,52,30,2022,0,1,-0.433883739117558,-0.9009688679024191,-2.4492935982947064e-16,1.0,6.432490598706546e-16,1.0,0,47399.556585807244,-144.48328512614682
2022-12-31,Compute,East,136.033967181374,1,0,333.0,333.0,333.0,333.0,333.0,333.0,333.0,333.0,448.0,345.0,211.0,284.0,333.0,0.0,356.42857142857144,50.63096390050762,381.68333333333334,108.5856156198427,333.0,333.0,333.05888623804424,337.51892519784985,352.4281232650119,0.0,137.62601800155787,139.67919161586886,141.23211897632282,142.42886556908252,143.15251834976286,143.23086490623822,143.02841399164996,138.0,132.0,196.0,185.0,141.4825702014976,2.133786311893321,144.99846101704327,13.457628598064531,146.0659484746202,24.60327538184141,137.62601800155787,143.23086490623822,139.23996785150683,141.16226257653193,142.8175045144981,-0.014699208884007664,-5.402395990092089,-52.971586008350044,0.9727418496342757,0.9422183506599612,5,12,4,52,31,2022,1,0,-0.9749279121818236,-0.2225209339563146,-2.4492935982947064e-16,1.0,6.432490598706546e-16,1.0,0,47007.033437985134,-324.6509947565473
2023-01-01,Compute,East,134.34669645717892,1,0,333.0,333.0,333.0,333.0,333.0,333.0,333.0,333.0,389.0,387.0,480.0,247.5,333.0,0.0,348.2142857142857,43.45143809504436,383.31666666666666,107.42796169537515,333.0,333.0,333.0294431190221,336.38919389838736,349.83770682967696,0.0,136.033967181374,137.62601800155787,139.67919161586886,141.23211897632282,142.42886556908252,143.15251834976286,143.23086490623822,191.0,123.0,118.0,169.0,140.4833635143153,2.8174163096212355,144.85803010142712,13.54624154124452,144.433747380666,23.53220207032595,136.033967181374,143.23086490623822,137.63696751644042,139.88018872774245,141.91303287008157,-0.011567949456808613,-7.196897724864215,25.230864906238224,0.9683279415443677,0.94184336214031,6,1,1,52,1,2023,1,0,-0.7818314824680299,0.6234898018587334,0.49999999999999994,0.8660254037844387,6.432490598706546e-16,1.0,0,46580.10284633824,-260.34988366185394
2023-01-02,Compute,East,131.75942056907712,1,0,333.0,333.0,333.0,333.0,333.0,333.0,333.0,333.0,490.0,429.0,572.0,211.0,333.0,0.0,344.2142857142857,41.96001498025064,386.1666666666667,104.80263333534606,333.0,333.0,333.01472155951103,335.5418954237905,347.5926792523867,0.0,134.34669645717892,136.033967181374,137.62601800155787,139.67919161586886,141.23211897632282,142.42886556908252,143.15251834976286,137.0,140.0,100.0,196.0,139.21419659302111,3.3281985598591595,140.8113655626542,3.2540910703939376,143.27863726257198,23.131849174788194,134.34669645717892,143.15251834976286,135.99183198680967,138.49681566010156,140.9041880150279,-0.012403304550733685,-8.805821892583936,43.15251834976286,0.9650358855633975,0.9376603385284524,0,1,1,1,2,2023,0,1,0.0,1.0,0.49999999999999994,0.8660254037844387,0.12053668025532305,0.992708874098054,0,46119.43961481382,0.0
2023-01-03,Compute,East,130.69606352981776,1,0,333.0,333.0,333.0,333.0,333.0,333.0,333.0,333.0,333.0,514.0,558.0,480.0,333.0,0.0,333.0,0.0,390.23333333333335,100.02954161347688,333.0,333.0,333.0073607797555,334.90642156784287,345.64698868540177,0.0,131.75942056907712,134.34669645717892,136.033967181374,137.62601800155787,139.67919161586886,141.23211897632282,142.42886556908252,144.0,157.0,188.0,118.0,137.5866111957803,3.829305891269235,140.43703846044542,3.9526809093976345,141.13728461487455,20.95395565535878,131.75942056907712,142.42886556908252,133.8756262779434,136.81246688734547,139.68488568890115,-0.019258202518782852,-10.669445000005396,-45.57113443091748,0.9576471029142624,0.9335550134399844,1,1,1,1,3,2023,0,0,0.7818314824680298,0.6234898018587336,0.49999999999999994,0.8660254037844387,0.12053668025532305,0.992708874098054,0,45558.55147348604,260.34988366185394
2023-01-04,Compute,East,130.19603238653139,1,0,333.0,333.0,333.0,333.0,333.0,333.0,333.0,333.0,333.0,599.0,544.0,572.0,333.0,0.0,333.0,0.0,385.3333333333333,99.07654071242206,333.0,333.0,333.0036803898778,334.42981617588214,343.9607235273482,0.0,130.69606352981776,131.75942056907712,134.34669645717892,136.033967181374,137.62601800155787,139.67919161586886,141.23211897632282,143.39955723219234,173.0,115.0,100.0,135.91049661874248,3.9231832493330008,139.48675728400383,4.579698848818443,141.5604867325351,20.5956905670036,130.69606352981776,141.23211897632282,132.2858449038806,135.28336604796354,138.48637606769003,-0.00807044410689306,-10.53605544650506,26.232118976322823,0.9616333235453798,0.9232524246225781,2,1,1,1,4,2023,0,0,0.9749279121818236,-0.22252093395631434,0.49999999999999994,0.8660254037844387,0.12053668025532305,0.992708874098054,0,45049.36089397186,324.6509947565473
2023-01-05,Compute,East,128.3295727470339,1,0,333.0,333.0,333.0,333.0,333.0,333.0,333.0,333.0,333.0,204.0,307.0,558.0,333.0,0.0,333.0,0.0,377.3666666666667,92.9699555968387,333.0,333.0,333.0018401949389,334.07236213191163,342.4992937237018,0.0,130.19603238653139,130.69606352981776,131.75942056907712,134.34669645717892,136.033967181374,137.62601800155787,139.67919161586886,143.69146184362432,104.0,128.0,188.0,134.33391282020085,3.6351139935091323,138.5436483664566,5.047562578247871,142.5670211454195,19.184022669226632,130.19603238653139,139.67919161586886,131.24093864520597,134.0115326326055,137.3809969102022,-0.0038259082162203084,-9.483159229337474,11.67919161586886,0.9691970455114722,0.9132268488692316,3,1,1,1,5,2023,0,0,0.43388373911755823,-0.900968867902419,0.49999999999999994,0.8660254037844387,0.12053668025532305,0.992708874098054,0,44625.840366657634,144.48328512614688
2023-01-06,Compute,East,127.56068567432892,1,0,333.0,333.0,333.0,333.0,333.0,333.0,333.0,333.0,333.0,520.0,259.0,544.0,333.0,0.0,333.0,0.0,369.8666666666667,86.76394187215908,333.0,333.0,333.0009200974695,333.8042715989337,341.2327212272082,0.0,128.3295727470339,130.19603238653139,130.69606352981776,131.75942056907712,134.34669645717892,136.033967181374,137.62601800155787,142.50944375230588,182.0,142.0,115.0,132.7125386960816,3.375461411252072,137.446370573843,5.492537883084664,140.57800690365397,17.313179240609006,128.3295727470339,137.62601800155787,129.78525569611992,132.5910426612126,136.1741403551131,-0.014335764349225899,-9.296445254523974,-4.373981998442133,0.9669739803104898,0.9128709010799568,4,1,1,1,6,2023,0,1,-0.433883739117558,-0.9009688679024191,0.49999999999999994,0.8660254037844387,0.12053668025532305,0.992708874098054,0,44152.8172061838,-144.48328512614682
2023-01-07,Compute,East,127.14380557806865,1,0,333.0,333.0,333.0,333.0,333.0,333.0,333.0,333.0,333.0,448.0,345.0,307.0,333.0,0.0,333.0,0.0,362.8333333333333,80.4864877643675,333.0,333.0,333.00046004873474,333.6032036992003,340.13502506358043,0.0,127.56068567432892,128.3295727470339,130.19603238653139,130.69606352981776,131.75942056907712,134.34669645717892,136.033967181374,143.02841399164996,138.0,132.0,128.0,131.27463407790603,3.062916944915817,136.3786021397018,5.872451231610026,140.9966964261316,16.818089885435732,127.56068567432892,136.033967181374,128.6729706852244,131.3334534144917,135.02567973100855,-0.005991503409900845,-8.473281507045087,4.03396718137401,0.9717085528261189,0.9047069045085838,5,1,1,1,7,2023,1,0,-0.9749279121818236,-0.2225209339563146,0.49999999999999994,0.8660254037844387,0.12053668025532305,0.992708874098054,0,43734.03998702573,-324.6509947565473
2023-01-08,Compute,East,127.25513726792502,1,0,333.0,333.0,333.0,333.0,333.0,333.0,333.0,333.0,333.0,389.0,387.0,259.0,333.0,0.0,333.0,0.0,363.7,80.00308183719096,333.0,333.0,333.0002300243674,333.45240277440024,339.18368838843634,0.0,127.14380557806865,127.56068567432892,128.3295727470339,130.19603238653139,130.69606352981776,131.75942056907712,134.34669645717892,143.23086490623822,191.0,123.0,142.0,130.00461099171952,2.5628936542474254,135.24398725301742,6.021451663540018,140.96815661206722,16.84161543737151,127.14380557806865,134.34669645717892,127.90838813164653,130.2860414553859,133.97476317728325,-0.0032680923127411665,-7.202890879110271,11.346696457178922,0.9779945775013499,0.9019328033495192,6,1,1,1,8,2023,1,0,-0.7818314824680299,0.6234898018587334,0.49999999999999994,0.8660254037844387,0.12053668025532305,0.992708874098054,0,43385.25180464351,-260.34988366185394
2023-01-09,Compute,East,126.9890888155048,1,0,333.0,333.0,333.0,333.0,333.0,333.0,333.0,333.0,333.0,490.0,429.0,345.0,333.0,0.0,333.0,0.0,366.1666666666667,77.7733592067287,333.0,333.0,333.0001150121837,333.33930208080017,338.3591966033115,0.0,127.25513726792502,127.14380557806865,127.56068567432892,128.3295727470339,130.19603238653139,130.69606352981776,131.75942056907712,143.15251834976286,137.0,140.0,132.0,128.9915311075404,1.867802938582931,134.10286385028076,5.904064275014302,140.47666118766472,17.024622606438793,127.14380557806865,131.75942056907712,127.58176269978577,129.5283154085207,133.0788130560355,0.0008756359725916596,-4.5042833011521,-8.240579430922878,0.9865386912517038,0.9058809861094445,0,1,1,2,9,2023,0,1,0.0,1.0,0.49999999999999994,0.8660254037844387,0.23931566428755774,0.970941817426052,0,43132.9290310374,0.0
2023-01-10,Compute,East,126.2759547547737,1,0,333.0,333.0,333.0,333.0,333.0,333.0,333.0,333.0,333.0,333.0,514.0,387.0,333.0,0.0,333.0,0.0,365.76666666666665,77.91670323928085,333.0,333.0,333.0000575060918,333.2544765606001,337.6446370562033,0.0,126.9890888155048,127.25513726792502,127.14380557806865,127.56068567432892,128.3295727470339,130.19603238653139,130.69606352981776,142.42886556908252,144.0,157.0,123.0,128.31005514274437,1.5291513731346746,132.9483331692623,5.569159913882376,140.30963081484822,17.13488005562482,126.9890888155048,130.69606352981776,127.28542575764529,128.89350876026674,132.26684982396475,-0.002090669643144416,-3.706974714312963,-26.303936470182236,0.9897048807634375,0.9050632317464767,1,1,1,2,10,2023,0,0,0.7818314824680298,0.6234898018587336,0.49999999999999994,0.8660254037844387,0.23931566428755774,0.970941817426052,0,42921.53841716883,260.34988366185394
2023-01-11,Compute,East,125.62948587730399,1,0,333.0,333.0,333.0,333.0,333.0,333.0,333.0,333.0,333.0,333.0,599.0,429.0,333.0,0.0,333.0,0.0,363.96666666666664,78.03292113979325,333.0,333.0,333.0000287530459,333.1908574204501,337.02535211537617,0.0,126.2759547547737,126.9890888155048,127.25513726792502,127.14380557806865,127.56068567432892,128.3295727470339,130.19603238653139,141.23211897632282,143.39955723219234,173.0,140.0,127.67861103202378,1.270387096004581,131.7945538253831,5.108102855600694,140.41882930667398,17.03088708948932,126.2759547547737,130.19603238653139,126.78069025620948,128.23912025889348,131.46806381473928,-0.00561571129758387,-3.9200776317576924,-42.803967613468615,0.9890141562872075,0.8992807765097294,2,1,1,2,11,2023,0,0,0.9749279121818236,-0.22252093395631434,0.49999999999999994,0.8660254037844387,0.23931566428755774,0.970941817426052,0,42703.62704621153,324.6509947565473
2023-01-12,Compute,East,125.16456707534591,1,0,333.0,333.0,333.0,333.0,333.0,333.0,333.0,333.0,333.0,333.0,204.0,514.0,333.0,0.0,333.0,0.0,360.76666666666665,77.2384053717308,333.0,333.0,333.0000143765229,333.14314306533754,336.48863849999265,0.0,125.62948587730399,126.2759547547737,126.9890888155048,127.25513726792502,127.14380557806865,127.56068567432892,128.3295727470339,139.67919161586886,143.69146184362432,104.0,157.0,127.02624724499128,0.8723296673586701,130.68008003259607,4.563711321375149,139.93981216925079,17.24383735509333,125.62948587730399,128.3295727470339,126.20508806675673,127.5867116634961,130.68958675641457,-0.005119493087382576,-2.700086869729901,24.329572747033893,0.9890041437341879,0.8977394140533894,3,1,1,2,12,2023,0,0,0.43388373911755823,-0.900968867902419,0.49999999999999994,0.8660254037844387,0.23931566428755774,0.970941817426052,0,42486.3749839442,144.48328512614688
2023-01-13,Compute,East,125.30201016843115,1,0,333.0,333.0,333.0,333.0,333.0,333.0,333.0,333.0,333.0,333.0,520.0,599.0,333.0,0.0,333.0,0.0,354.73333333333335,71.7288636816273,333.0,333.0,333.00000718826146,333.1073572990032,336.0234866999936,0.0,125.16456707534591,125.62948587730399,126.2759547547737,126.9890888155048,127.25513726792502,127.14380557806865,127.56068567432892,137.62601800155787,142.50944375230588,182.0,173.0,126.57410357760727,0.9038724752799806,129.64332113684443,3.9724600119547877,138.8786310717623,17.136996250553405,125.16456707534591,127.56068567432892,125.68482757105133,126.98117551645856,129.95291746560542,-0.0037007140378823022,-2.3961185989830085,-54.43931432567108,0.9888639346336666,0.9012514395351334,4,1,1,2,13,2023,0,1,-0.433883739117558,-0.9009688679024191,0.49999999999999994,0.8660254037844387,0.23931566428755774,0.970941817426052,0,42284.7314469807,-144.48328512614682
2023-01-14,Compute,East,124.18128969864392,1,0,333.0,333.0,333.0,333.0,333.0,333.0,333.0,333.0,333.0,333.0,448.0,204.0,333.0,0.0,333.0,0.0,345.8666666666667,54.97757118437785,333.0,333.0,333.0000035941307,333.0805179742524,335.62035513999444,0.0,125.30201016843115,125.16456707534591,125.62948587730399,126.2759547547737,126.9890888155048,127.25513726792502,127.14380557806865,136.033967181374,143.02841399164996,138.0,104.0,126.25143564819332,0.8961015538434776,128.76303486304968,3.390264090716882,137.28869807737667,16.03965214180131,125.16456707534591,127.25513726792502,125.49341886974125,126.56138417945171,129.33279649264887,0.0010980990570796934,-1.8417954096374984,-10.856194421931349,0.9924798758337475,0.9126899082772301,5,1,1,2,14,2023,1,0,-0.9749279121818236,-0.2225209339563146,0.49999999999999994,0.8660254037844387,0.23931566428755774,0.970941817426052,0,42144.94093175742,-324.6509947565473
2023-01-15,Compute,East,123.67156889879142,1,0,333.0,333.0,333.0,333.0,333.0,333.0,333.0,333.0,333.0,333.0,389.0,520.0,333.0,0.0,333.0,0.0,350.1666666666667,48.11558162801628,333.0,333.0,333.00000179706535,333.0603884806893,335.2709744546618,0.0,124.18128969864392,125.30201016843115,125.16456707534591,125.62948587730399,126.2759547547737,126.9890888155048,127.25513726792502,134.34669645717892,143.23086490623822,191.0,182.0,125.82821909398977,1.0842341665303707,127.91641504285467,2.875784818058706,137.96140773399813,14.98382273668382,124.18128969864392,127.25513726792502,124.83735428419259,125.96636055924976,128.64592892011487,-0.008944153954759004,-3.0738475692810994,-63.74486273207498,0.9869112795673686,0.9001161327518516,6,1,1,2,15,2023,1,0,-0.7818314824680299,0.6234898018587334,0.49999999999999994,0.8660254037844387,0.23931566428755774,0.970941817426052,0,41946.79806623017,-260.34988366185394
2023-01-16,Compute,East,124.46892060967397,1,0,333.0,333.0,333.0,333.0,333.0,333.0,333.0,333.0,333.0,333.0,490.0,448.0,333.0,0.0,333.0,0.0,343.93333333333334,35.92322592584831,333.0,333.0,333.0000008985327,333.045291360517,334.96817786070693,0.0,123.67156889879142,124.18128969864392,125.30201016843115,125.16456707534591,125.62948587730399,126.2759547547737,126.9890888155048,131.75942056907712,143.15251834976286,137.0,138.0,125.31628075554214,1.1426475776287779,127.15390593154127,2.418551948341778,136.01712669729122,12.67950884641151,123.67156889879142,126.9890888155048,124.254461591492,125.39266264413517,127.98268091727175,-0.0041046505563717695,-3.3175199167133798,-10.0109111844952,0.9868755054514058,0.9092352631796852,0,1,1,3,16,2023,0,1,0.0,1.0,0.49999999999999994,0.8660254037844387,0.3546048870425356,0.9350162426854148,0,41755.75666049701,0.0
2023-01-17,Compute,East,125.4284939517516,1,0,333.0,333.0,333.0,333.0,333.0,333.0,333.0,333.0,333.0,333.0,333.0,389.0,333.0,0.0,333.0,0.0,340.1,30.099089228974904,333.0,333.0,333.00000044926634,333.03396852038776,334.705754145946,0.0,124.46892060967397,123.67156889879142,124.18128969864392,125.30201016843115,125.16456707534591,125.62948587730399,126.2759547547737,130.69606352981776,142.42886556908252,144.0,191.0,124.95625672613771,0.8987280103063278,126.63315593444104,2.1166731719325833,135.5660907176137,12.84611126809921,123.67156889879142,126.2759547547737,124.36169110058299,125.16172713551987,127.51417954292539,0.0064473323819080885,-1.8070341450997205,-17.724045245226307,0.9960999382877501,0.9181419854527096,1,1,1,3,17,2023,0,0,0.7818314824680298,0.6234898018587336,0.49999999999999994,0.8660254037844387,0.3546048870425356,0.9350162426854148,0,41678.85513612811,260.34988366185394
2023-01-18,Compute,East,126.5043555043593,1,0,333.0,333.0,333.0,333.0,333.0,333.0,333.0,333.0,333.0,333.0,333.0,490.0,333.0,0.0,333.0,0.0,338.23333333333335,28.664147176103697,333.0,333.0,333.00000022463314,333.0254763902908,334.47832025981984,0.0,125.4284939517516,124.46892060967397,123.67156889879142,124.18128969864392,125.30201016843115,125.16456707534591,125.62948587730399,130.19603238653139,141.23211897632282,143.39955723219234,137.0,124.83519089713458,0.7331528700140815,126.25690096457916,1.7803632353940415,133.38037384933872,7.593523759895231,123.67156889879142,125.62948587730399,124.8950925261673,125.2284188395778,127.23608813076889,0.0077093409131969715,-0.20099192555238687,-17.770071354888344,1.0047526826818667,0.9403819272020396,2,1,1,3,18,2023,0,0,0.9749279121818236,-0.22252093395631434,0.49999999999999994,0.8660254037844387,0.3546048870425356,0.9350162426854148,0,41701.06347357941,324.6509947565473
2023-01-19,Compute,East,127.00517713608635,1,0,333.0,333.0,333.0,333.0,333.0,333.0,333.0,333.0,333.0,333.0,333.0,333.0,333.0,0.0,333.0,0.0,333.0,0.0,333.0,333.0,333.00000011231657,333.0191072927181,334.28121089184384,0.0,126.5043555043593,125.4284939517516,124.46892060967397,123.67156889879142,124.18128969864392,125.30201016843115,125.16456707534591,128.3295727470339,139.67919161586886,143.69146184362432,144.0,124.96017227242818,0.9372781823056108,125.99320975870971,1.3805524788833308,133.03051903281738,7.6624756796629425,123.67156889879142,126.5043555043593,125.6997240152633,125.54740300577318,127.13852378058094,0.008577489202904243,1.3397884290133817,-18.52689476827841,1.0123573950923117,0.9509423512225004,3,1,1,3,19,2023,0,0,0.43388373911755823,-0.900968867902419,0.49999999999999994,0.8660254037844387,0.3546048870425356,0.9350162426854148,0,41807.285200922466,144.48328512614688
2022-12-31,Compute,North,196.72066828304057,1,1,329.0,329.0,362.0,395.0,373.0,351.0,329.0,348.0,584.0,328.0,484.0,394.0,355.2857142857143,23.76772521518965,383.4642857142857,80.37615037715199,399.28333333333336,76.83543580537759,329.0,395.0,349.27096502476167,359.23657744566333,373.2099955536514,-0.09116022099447518,198.0,158.5,119.0,169.0,168.5,168.0,111.0,138.0,164.0,140.0,198.0,156.0,30.641747121642176,156.5,27.94637722496424,150.23333333333332,26.95645701335106,111.0,198.0,174.0919544561424,163.32696691138347,158.13448813940585,0.24921135646687698,87.0,-29.0,1.2692307610946747,1.3179498470072122,5,12,4,52,31,2022,1,0,-0.9749279121818236,-0.2225209339563146,-2.4492935982947064e-16,1.0,6.432490598706546e-16,1.0,0,53734.57211384516,-320.75128310782
2023-01-01,Compute,North,191.45117266429307,1,1,329.0,329.0,329.0,362.0,395.0,373.0,351.0,329.0,419.0,504.0,397.0,439.0,352.57142857142856,25.74138783397367,365.25,56.901652673038214,397.1166666666667,77.89866132855948,329.0,395.0,339.1354825123808,351.67743308424747,367.31532947983123,0.0,196.72066828304057,198.0,158.5,119.0,169.0,168.5,168.0,118.0,162.0,132.0,159.0,168.24580975472009,26.51085887448086,160.69433344878863,29.328586860472456,150.190688942768,26.87918690826064,119.0,198.0,185.4063113695915,171.67539225429775,163.27931215855716,-0.006461271297774962,28.720668283040567,36.0,1.1692455663566745,1.3098060096668003,6,1,1,52,1,2023,1,0,-0.7818314824680299,0.6234898018587334,0.49999999999999994,0.8660254037844387,6.432490598706546e-16,1.0,0,56481.20405166396,-257.22255773198185
2023-01-02,Compute,North,187.47722271733775,1,1,329.0,329.0,329.0,329.0,362.0,395.0,373.0,351.0,324.0,527.0,360.0,484.0,352.57142857142856,25.741387833973672,358.82142857142856,55.4268773814991,393.45,78.44615438586543,329.0,395.0,334.0677412561904,346.0080748131856,362.20661888252044,0.0,191.45117266429307,196.72066828304057,198.0,158.5,119.0,169.0,168.5,179.0,151.0,119.0,140.0,171.59597727819053,27.918980753417266,165.94084578195242,27.623808934494694,151.27239469824445,27.88025559672041,119.0,198.0,188.4287420169423,176.61933735679656,167.0355602259886,-0.026786690309356764,22.95117266429307,49.5,1.1157089728170284,1.2656054779894974,0,1,1,1,2,2023,0,1,0.0,1.0,0.49999999999999994,0.8660254037844387,0.12053668025532305,0.992708874098054,0,58107.76199038607,0.0
2023-01-03,Compute,North,187.0600398002697,1,1,329.0,329.0,329.0,329.0,329.0,362.0,395.0,373.0,407.0,470.0,475.0,397.0,349.42857142857144,27.263266757410314,359.17857142857144,55.20089434296998,388.28333333333336,77.37366603310392,329.0,395.0,331.5338706280952,341.7560561098892,357.7790696981844,0.0,187.47722271733775,191.45117266429307,196.72066828304057,198.0,158.5,119.0,169.0,190.0,105.0,116.0,132.0,174.3070090949531,28.483907575649837,166.54636169033367,28.022125310658335,152.8549687888224,28.557586937509747,119.0,198.0,187.95298236714,179.33380869693187,169.76111522483518,-0.020756989323453157,18.477222717337753,53.0,1.0755575614268769,1.2265039401489395,1,1,1,1,3,2023,0,0,0.7818314824680298,0.6234898018587336,0.49999999999999994,0.8660254037844387,0.12053668025532305,0.992708874098054,0,59000.82306129058,257.2225577319818
2023-01-04,Compute,North,185.90294013794914,1,1,329.0,329.0,329.0,329.0,329.0,329.0,362.0,395.0,522.0,306.0,450.0,360.0,343.14285714285717,25.964261151491627,353.60714285714283,53.924512255355836,386.01666666666665,78.10210860031944,329.0,395.0,330.2669353140476,338.5670420824169,353.94186040509317,0.0,187.0600398002697,187.47722271733775,191.45117266429307,196.72066828304057,198.0,158.5,119.0,135.0,115.0,128.0,119.0,176.88701478070587,28.73986309969769,166.3363645332101,27.843289547026924,154.69030344883137,28.93782927981145,119.0,198.0,187.50651108370485,181.26536647276632,172.06763850155977,-0.002225245877986226,68.06003980026969,-9.0,1.0575114231797305,1.20925510145431,2,1,1,1,4,2023,0,0,0.9749279121818236,-0.22252093395631434,0.49999999999999994,0.8660254037844387,0.12053668025532305,0.992708874098054,0,59636.30556954012,320.75128310782
2023-01-05,Compute,North,184.43633942455307,1,1,329.0,329.0,329.0,329.0,329.0,329.0,329.0,362.0,301.0,357.0,369.0,475.0,333.7142857142857,12.472827609304497,339.82142857142856,23.843727721318064,384.98333333333335,78.66126454761509,329.0,362.0,329.6334676570238,336.17528156181265,350.61627901774744,0.0,185.90294013794914,187.0600398002697,187.47722271733775,191.45117266429307,196.72066828304057,198.0,158.5,181.0,150.0,140.0,116.0,186.44457765755575,13.208770815556228,169.9722888287779,26.73810008262319,156.9204014534297,28.669202360067004,158.5,198.0,186.70472561082698,182.42475988906202,173.9123453864117,-0.006185712691796796,27.402940137949145,18.5,0.9970949087202936,1.1846957899124737,3,1,1,1,5,2023,0,0,0.43388373911755823,-0.900968867902419,0.49999999999999994,0.8660254037844387,0.12053668025532305,0.992708874098054,0,60017.7460035014,142.74775016967666
2023-01-06,Compute,North,182.25399279511223,1,1,329.0,329.0,329.0,329.0,329.0,329.0,329.0,329.0,324.5,462.0,288.0,450.0,329.0,0.0,341.82142857142856,21.38440044559544,380.1166666666667,77.4064155023312,329.0,329.0,329.31673382851193,334.3814611713595,347.7341084820478,0.0,184.43633942455307,185.90294013794914,187.0600398002697,187.47722271733775,191.45117266429307,196.72066828304057,198.0,158.0,185.0,152.0,128.0,190.14976900392048,5.383063853365127,170.21774164481738,26.862603166056665,159.20161276758145,28.016190879461426,184.43633942455307,198.0,185.57053251769003,182.92765477293477,175.3155445914972,-0.007889066801782585,-13.563660575446931,46.0,0.9699529976857211,1.1585079765197093,4,1,1,1,6,2023,0,1,-0.433883739117558,-0.9009688679024191,0.49999999999999994,0.8660254037844387,0.12053668025532305,0.992708874098054,0,60183.19842029554,-142.74775016967658
2023-01-07,Compute,North,180.92536476979356,1,1,329.0,329.0,329.0,329.0,329.0,329.0,329.0,329.0,348.0,584.0,328.0,369.0,329.0,0.0,342.14285714285717,21.136396399274233,376.0833333333333,76.78946624659389,329.0,329.0,329.15836691425596,333.03609587851963,345.23622735110814,0.0,182.25399279511223,184.43633942455307,185.90294013794914,187.0600398002697,187.47722271733775,191.45117266429307,196.72066828304057,111.0,138.0,164.0,140.0,187.90033940322223,4.815978253770276,171.9501697016111,26.796056926328415,161.0100791940852,27.68172349353293,182.25399279511223,196.72066828304057,183.91226265640114,182.75923927847913,176.24067101864588,-0.011832519753156134,-14.466675487928342,32.72066828304057,0.9699503066572774,1.1319415068635401,5,1,1,1,7,2023,1,0,-0.9749279121818236,-0.2225209339563146,0.49999999999999994,0.8660254037844387,0.12053668025532305,0.992708874098054,0,60127.78972261964,-320.75128310782
2023-01-08,Compute,North,180.88766210764302,1,1,329.0,329.0,329.0,329.0,329.0,329.0,329.0,329.0,329.0,419.0,504.0,288.0,329.0,0.0,340.7857142857143,21.34038631121958,374.75,77.26251154120718,329.0,329.0,329.079183457128,332.02707190888975,343.0713970376271,0.0,180.92536476979356,182.25399279511223,184.43633942455307,185.90294013794914,187.0600398002697,187.47722271733775,191.45117266429307,168.0,118.0,162.0,152.0,185.64386747275836,3.520707547798353,176.94483861373922,20.2878318261109,162.37425801974496,27.618972931145386,180.92536476979356,191.45117266429307,182.41881371309734,182.30077065130774,176.86529685213225,-0.007289980345244307,-10.525807894499508,29.45117266429307,0.9745830350240886,1.11424905562028,6,1,1,1,8,2023,1,0,-0.7818314824680299,0.6234898018587334,0.49999999999999994,0.8660254037844387,0.12053668025532305,0.992708874098054,0,59976.953544280244,-257.22255773198185
2023-01-09,Compute,North,178.48966484458134,1,1,329.0,329.0,329.0,329.0,329.0,329.0,329.0,329.0,351.0,324.0,527.0,328.0,329.0,0.0,340.7857142857143,21.34038631121958,376.1166666666667,76.0278627842466,329.0,329.0,329.039591728564,331.2703039316673,341.1952107659435,0.0,180.88766210764302,180.92536476979356,182.25399279511223,184.43633942455307,185.90294013794914,187.0600398002697,187.47722271733775,168.5,179.0,151.0,164.0,184.13479453609406,2.8085547236097406,177.8653859071423,20.142609981876753,163.33718008999975,27.748082655991876,180.88766210764302,187.47722271733775,181.6532379103702,181.94749351539156,177.4016122195337,-0.0002083879294564328,-6.589560609694729,36.47722271733775,0.9823654545084906,1.1074493933379006,0,1,1,2,9,2023,0,1,0.0,1.0,0.49999999999999994,0.8660254037844387,0.23931566428755774,0.970941817426052,0,59860.72536656382,0.0
2023-01-10,Compute,North,177.12760115586332,1,1,329.0,329.0,329.0,329.0,329.0,329.0,329.0,329.0,373.0,407.0,470.0,504.0,329.0,0.0,339.2142857142857,21.340386311219575,376.15,76.0062554140708,329.0,329.0,329.019795864282,330.70272794875046,339.56918266381774,0.0,178.48966484458134,180.88766210764302,180.92536476979356,182.25399279511223,184.43633942455307,185.90294013794914,187.0600398002697,169.0,190.0,105.0,162.0,182.85085769712887,3.0682265305092895,178.57893339604098,19.96144890340697,163.82016891815243,27.885781050557966,178.48966484458134,187.0600398002697,180.07145137747577,181.08303634768902,177.54668590287338,-0.013256831533566271,-8.57037495568835,82.06003980026969,0.9761489014401002,1.0895463295744234,1,1,1,2,10,2023,0,0,0.7818314824680298,0.6234898018587336,0.49999999999999994,0.8660254037844387,0.23931566428755774,0.970941817426052,0,59576.31895838969,257.2225577319818
2023-01-11,Compute,North,175.67727523604538,1,1,329.0,329.0,329.0,329.0,329.0,329.0,329.0,329.0,395.0,522.0,306.0,527.0,329.0,0.0,336.07142857142856,19.104829376220703,370.31666666666666,72.48977137516013,329.0,329.0,329.00989793214103,330.27704596156286,338.15995830864205,0.0,177.12760115586332,178.48966484458134,180.88766210764302,180.92536476979356,182.25399279511223,184.43633942455307,185.90294013794914,119.0,135.0,115.0,151.0,181.43193789078506,3.0937895262666095,179.1594763357455,19.778785700070504,164.32442229001452,27.98831859357591,177.12760115586332,185.90294013794914,178.59952626666956,180.0941775497326,177.4908079366054,-0.0076310507384504955,-8.775338982085827,70.90294013794914,0.9762757441647979,1.0779140289039846,2,1,1,2,11,2023,0,0,0.9749279121818236,-0.22252093395631434,0.49999999999999994,0.8660254037844387,0.23931566428755774,0.970941817426052,0,59250.984413862025,320.75128310782
2023-01-12,Compute,North,176.89844282293,1,1,329.0,329.0,329.0,329.0,329.0,329.0,329.0,329.0,362.0,301.0,357.0,470.0,329.0,0.0,331.35714285714283,8.819620983110006,363.71666666666664,66.49833849795426,329.0,329.0,329.0049489660705,329.95778447117215,336.93863053415646,0.0,175.67727523604538,177.12760115586332,178.48966484458134,180.88766210764302,180.92536476979356,182.25399279511223,184.43633942455307,158.5,181.0,150.0,105.0,179.97112861908454,3.0446055265755994,183.20785313832016,9.802342319018843,165.14699813121607,27.94581053259388,175.67727523604538,184.43633942455307,177.13840075135747,178.98995197131077,177.24900357653073,-0.008188028914487111,-8.759064188507693,34.43633942455307,0.9761414267270131,1.0637630484370024,3,1,1,2,12,2023,0,0,0.43388373911755823,-0.900968867902419,0.49999999999999994,0.8660254037844387,0.23931566428755774,0.970941817426052,0,58887.69419856124,142.74775016967666
2023-01-13,Compute,North,176.73970106025988,1,1,329.0,329.0,329.0,329.0,329.0,329.0,329.0,329.0,329.0,324.5,462.0,306.0,329.0,0.0,329.0,0.0,359.01666666666665,63.64915733837374,329.0,329.0,329.00247448303526,329.7183383533791,335.8801464629356,0.0,176.89844282293,175.67727523604538,177.12760115586332,178.48966484458134,180.88766210764302,180.92536476979356,182.25399279511223,198.0,158.0,185.0,115.0,178.89428624742413,2.483408305988712,184.5220276256723,7.094248926843234,167.5436128919804,25.593778650144998,175.67727523604538,182.25399279511223,177.01842178714372,178.46707468421556,177.2022621427173,0.006951198356439869,-5.355549972182217,-2.746007204887775,0.9888434423748047,1.0558351865143658,4,1,1,2,13,2023,0,1,-0.433883739117558,-0.9009688679024191,0.49999999999999994,0.8660254037844387,0.23931566428755774,0.970941817426052,0,58715.66757110692,-142.74775016967658
2023-01-14,Compute,North,174.2129749437756,1,1,329.0,329.0,329.0,329.0,329.0,329.0,329.0,329.0,329.0,348.0,584.0,357.0,329.0,0.0,329.0,0.0,359.78333333333336,63.124901274533016,329.0,329.0,329.00123724151763,329.53875376503436,334.9627936012109,0.0,176.73970106025988,176.89844282293,175.67727523604538,177.12760115586332,178.48966484458134,180.88766210764302,180.92536476979356,196.72066828304057,111.0,138.0,150.0,178.10653028530237,2.0822501425414335,183.0034348442623,6.207265673357111,169.60160292732238,23.629963995532997,175.67727523604538,180.92536476979356,176.87906142370178,178.03523127822666,177.140587331723,-0.0008973609950260197,-4.185663709533685,42.92536476979356,0.9923257714628498,1.0420874388428327,5,1,1,2,14,2023,1,0,-0.9749279121818236,-0.2225209339563146,0.49999999999999994,0.8660254037844387,0.23931566428755774,0.970941817426052,0,58573.591090536574,-320.75128310782
2023-01-15,Compute,North,172.4171936721485,1,1,329.0,329.0,329.0,329.0,329.0,329.0,329.0,329.0,329.0,329.0,419.0,462.0,329.0,0.0,329.0,0.0,358.85,63.37397894164886,329.0,329.0,329.0006186207588,329.40406532377574,334.16775445438276,0.0,174.2129749437756,176.73970106025988,176.89844282293,175.67727523604538,177.12760115586332,178.48966484458134,180.88766210764302,191.45117266429307,168.0,118.0,185.0,177.1476174530141,2.1131312683538193,181.39574246288618,5.21695577132525,170.40870209211488,23.349208357823684,174.2129749437756,180.88766210764302,175.54601818373868,177.0796671946139,176.75023901333,-0.014296313173138064,-6.674687163867418,62.887662107643024,0.9834339093301621,1.0223243988284114,6,1,1,2,15,2023,1,0,-0.7818314824680299,0.6234898018587334,0.49999999999999994,0.8660254037844387,0.23931566428755774,0.970941817426052,0,58259.21050702797,-257.22255773198185
2023-01-16,Compute,North,171.09981001575588,1,1,329.0,329.0,329.0,329.0,329.0,329.0,329.0,329.0,329.0,351.0,324.0,584.0,329.0,0.0,329.0,0.0,354.4166666666667,60.49595075268481,329.0,329.0,329.0003093103794,329.3030489928318,333.47872052713177,0.0,172.4171936721485,174.2129749437756,176.73970106025988,176.89844282293,175.67727523604538,177.12760115586332,178.48966484458134,187.47722271733775,168.5,179.0,138.0,175.9375505336577,2.0384260278657655,180.0361725348759,4.863053758570627,169.98927521451986,23.190538271098898,172.4171936721485,178.48966484458134,173.98160592794358,175.91404881399757,176.17249963450578,-0.010307965134093267,-6.0724711724328415,-0.5103351554186588,0.9799908670387757,1.0142827683704276,0,1,1,3,16,2023,0,1,0.0,1.0,0.49999999999999994,0.8660254037844387,0.3546048870425356,0.9350162426854148,0,57875.7220598052,0.0
2023-01-17,Compute,North,167.7168384983242,1,1,329.0,329.0,329.0,329.0,329.0,329.0,329.0,329.0,329.0,373.0,407.0,419.0,329.0,0.0,329.0,0.0,345.9166666666667,42.30555587001859,329.0,329.0,329.0001546551897,329.2272867446238,332.88155779018086,0.0,171.09981001575588,172.4171936721485,174.2129749437756,176.73970106025988,176.89844282293,175.67727523604538,177.12760115586332,187.0600398002697,169.0,190.0,118.0,174.88185698668264,2.3811799537602516,178.86635734190574,4.9050334839215255,171.09260221504508,22.389676299031986,171.09981001575588,177.12760115586332,172.5407079718497,174.71048911443714,175.49614101867246,-0.007640674507773393,-6.027791140107439,-12.872398844136683,0.9783736974522838,1.0000421222225588,1,1,1,3,17,2023,0,0,0.7818314824680298,0.6234898018587336,0.49999999999999994,0.8660254037844387,0.3546048870425356,0.9350162426854148,0,57479.75091864982,257.2225577319818
2023-01-18,Compute,North,163.4755417072105,1,1,329.0,329.0,329.0,329.0,329.0,329.0,329.0,329.0,329.0,395.0,522.0,324.0,329.0,0.0,329.0,0.0,342.9166666666667,40.07666862173167,329.0,329.0,329.00007732759485,329.17046505846787,332.3640167514901,0.0,167.7168384983242,171.09981001575588,172.4171936721485,174.2129749437756,176.73970106025988,176.89844282293,175.67727523604538,185.90294013794914,119.0,135.0,179.0,173.53746232131994,3.358135687760328,177.48470010605251,5.138252167589286,172.7498301649892,20.04117294286719,167.7168384983242,176.89844282293,170.12877323508695,172.96207646040892,174.45890068262602,-0.01977191860774219,-7.9604367377211815,40.677275236045375,0.9664589725377146,0.970865426421991,2,1,1,3,18,2023,0,0,0.9749279121818236,-0.22252093395631434,0.49999999999999994,0.8660254037844387,0.3546048870425356,0.9350162426854148,0,56904.52315547453,320.75128310782
2023-01-19,Compute,North,159.5485409462305,1,1,329.0,329.0,329.0,329.0,329.0,329.0,329.0,329.0,329.0,362.0,301.0,407.0,329.0,0.0,329.0,0.0,343.0833333333333,40.00562101309861,329.0,329.0,329.00003866379745,329.1278487938509,331.9154811846248,0.0,163.4755417072105,167.7168384983242,171.09981001575588,172.4171936721485,174.2129749437756,176.73970106025988,176.89844282293,184.43633942455307,158.5,181.0,190.0,171.79435753148638,4.882912361161225,175.88274307528545,5.769170614980783,172.23234822189622,20.074622812998154,163.4755417072105,176.89844282293,166.80215747114875,170.5904427721093,172.99445281923727,-0.025288437518192652,-13.422901115719498,-4.101557177069992,0.9515768917245836,0.9491570105485594,3,1,1,3,19,2023,0,0,0.43388373911755823,-0.900968867902419,0.49999999999999994,0.8660254037844387,0.3546048870425356,0.9350162426854148,0,56124.25567202396,142.74775016967666
2023-01-20,Compute,North,156.88416570718258,1,1,329.0,329.0,329.0,329.0,329.0,329.0,329.0,329.0,329.0,329.0,324.5,522.0,329.0,0.0,329.0,0.0,340.48333333333335,38.20238377950756,329.0,329.0,329.0000193318987,329.09588659538815,331.5267503600082,0.0,159.5485409462305,163.4755417072105,167.7168384983242,171.09981001575588,172.4171936721485,174.2129749437756,176.73970106025988,182.25399279511223,198.0,158.0,135.0,169.3158001205293,6.1095909309627165,174.1050431839767,6.691454921928654,171.21729958677057,19.914475550236798,159.5485409462305,176.73970106025988,163.17534920868962,167.82996731563958,171.20166456950304,-0.02402194676934233,-17.191160114029373,18.739701060259875,0.9423133569952762,0.9318482443038723,4,1,1,3,20,2023,0,1,-0.433883739117558,-0.9009688679024191,0.49999999999999994,0.8660254037844387,0.3546048870425356,0.9350162426854148,0,55216.05924684542,-142.74775016967658
2023-01-21,Compute,North,154.51362878778934,1,1,329.0,329.0,329.0,329.0,329.0,329.0,329.0,329.0,329.0,329.0,348.0,301.0,329.0,0.0,329.0,0.0,334.05,16.882121741142573,329.0,329.0,329.0000096659494,329.07191494654114,331.1898503120071,0.0,156.88416570718258,159.5485409462305,163.4755417072105,167.7168384983242,171.09981001575588,172.4171936721485,174.2129749437756,180.92536476979356,196.72066828304057,111.0,181.0,166.47929507008965,6.671750279826615,172.292912677696,7.6774505000005755,171.94677177700999,18.91795881308216,156.88416570718258,174.2129749437756,160.0297574579361,165.09351691352532,169.29266472119366,-0.016699464772578887,-17.32880923659303,63.212974943775606,0.9423644225473694,0.9123995942083692,5,1,1,3,21,2023,1,0,-0.9749279121818236,-0.2225209339563146,0.49999999999999994,0.8660254037844387,0.3546048870425356,0.9350162426854148,0,54315.76706454983,-320.75128310782
2023-01-22,Compute,North,153.92204811679036,1,1,329.0,329.0,329.0,329.0,329.0,329.0,329.0,329.0,329.0,329.0,329.0,324.5,329.0,0.0,329.0,0.0,334.98333333333335,15.726368880352501,329.0,329.0,329.0000048329747,329.0539362099058,330.89787027040614,0.0,154.51362878778934,156.88416570718258,159.5485409462305,163.4755417072105,167.7168384983242,171.09981001575588,172.4171936721485,180.88766210764302,191.45117266429307,168.0,158.0,163.66510276209166,7.011931825397765,170.40636010755287,8.584506519826245,171.06389273660298,19.098072727440947,154.51362878778934,172.4171936721485,157.27169312286273,162.4485448820913,167.32212659673976,-0.015110109479230305,-17.903564884359156,4.4171936721485,0.9440841403332676,0.9032509749000742,6,1,1,3,22,2023,1,0,-0.7818314824680299,0.6234898018587334,0.49999999999999994,0.8660254037844387,0.3546048870425356,0.9350162426854148,0,53445.57126620804,-257.22255773198185
2023-01-23,Compute,North,154.3579902375929,1,1,329.0,329.0,329.0,329.0,329.0,329.0,329.0,329.0,329.0,329.0,351.0,348.0,329.0,0.0,329.0,0.0,335.1333333333333,15.644175589818001,329.0,329.0,329.00000241648735,329.0404521574294,330.6448209010187,0.0,153.92204811679036,154.51362878778934,156.88416570718258,159.5485409462305,163.4755417072105,167.7168384983242,171.09981001575588,178.48966484458134,187.47722271733775,168.5,111.0,161.02293911132617,6.6390755476647465,168.480244822492,9.063683863762952,170.92796100716265,19.208455659315103,153.92204811679036,171.09981001575588,155.59687061982655,160.31692069076607,165.53544946607985,-0.0038286633718987995,-17.177761898965514,2.599810015755878,0.9559013641806163,0.9005082978192903,0,1,1,4,23,2023,0,1,0.0,1.0,0.49999999999999994,0.8660254037844387,0.4647231720437685,0.8854560256532099,0,52744.266907262034,0.0
2023-01-24,Compute,North,153.88395541830263,1,1,329.0,329.0,329.0,329.0,329.0,329.0,329.0,329.0,329.0,329.0,373.0,329.0,329.0,0.0,329.0,0.0,334.5,15.489150819313766,329.0,329.0,329.0000012082437,329.03033911807205,330.4255114475496,0.0,154.3579902375929,153.92204811679036,154.51362878778934,156.88416570718258,159.5485409462305,163.4755417072105,167.7168384983242,177.12760115586332,187.0600398002697,169.0,168.0,158.63125057158865,5.28048202554705,166.75655377913563,9.305121754958906,172.37322734841575,15.888097770923139,153.92204811679036,167.7168384983242,154.97743042870974,158.82718807747278,164.04512156894828,0.0028322266116922457,-13.358848260731293,-1.2831615016758064,0.9730616679143625,0.8954870296075856,1,1,1,4,24,2023,0,0,0.7818314824680298,0.6234898018587336,0.49999999999999994,0.8660254037844387,0.4647231720437685,0.8854560256532099,0,52254.14487748854,257.2225577319818
2023-01-25,Compute,North,153.0613832894279,1,1,329.0,329.0,329.0,329.0,329.0,329.0,329.0,329.0,329.0,329.0,395.0,351.0,329.0,0.0,329.0,0.0,334.5,15.489150819313766,329.0,329.0,329.00000060412185,329.022754338554,330.235443254543,0.0,153.88395541830263,154.3579902375929,153.92204811679036,154.51362878778934,156.88416570718258,159.5485409462305,163.4755417072105,175.67727523604538,185.90294013794914,119.0,168.5,156.65512441729985,3.650441155693215,165.09629336930988,9.38560043340053,171.90269252902587,16.227481842117097,153.88395541830263,163.4755417072105,154.43069292350617,157.59137991268025,162.69029941552887,-0.00307100927241033,-9.591586288907877,44.47554170721051,0.9823103777063449,0.8951805946677575,2,1,1,4,25,2023,0,0,0.9749279121818236,-0.22252093395631434,0.49999999999999994,0.8660254037844387,0.4647231720437685,0.8854560256532099,0,51847.5639912718,320.75128310782
2023-01-26,Compute,North,152.4575652862169,1,1,329.0,329.0,329.0,329.0,329.0,329.0,329.0,329.0,329.0,329.0,362.0,373.0,329.0,0.0,329.0,0.0,333.76666666666665,15.199100094352985,329.0,329.0,329.0000003020609,329.0170657539155,330.0707174872706,0.0,153.0613832894279,153.88395541830263,154.3579902375929,153.92204811679036,154.51362878778934,156.88416570718258,159.5485409462305,176.89844282293,184.43633942455307,158.5,169.0,155.16738750047375,2.267806544398803,163.48087251598005,9.370621608723011,171.38807197200677,16.58008301322219,153.0613832894279,159.5485409462305,153.74603810646704,156.45888075686716,161.40644393204875,-0.005345405416950277,-6.487157656802594,1.0485409462305029,0.9864275268701876,0.8930690487104537,3,1,1,4,26,2023,0,0,0.43388373911755823,-0.900968867902419,0.49999999999999994,0.8660254037844387,0.4647231720437685,0.8854560256532099,0,51474.971769009295,142.74775016967666
2023-01-27,Compute,North,151.05587751480948,1,1,329.0,329.0,329.0,329.0,329.0,329.0,329.0,329.0,329.0,329.0,329.0,395.0,329.0,0.0,329.0,0.0,332.3,13.285070697902812,329.0,329.0,329.00000015103046,329.0127993154366,329.92795515563455,0.0,152.4575652862169,153.0613832894279,153.88395541830263,154.3579902375929,153.92204811679036,154.51362878778934,156.88416570718258,176.73970106025988,182.25399279511223,198.0,119.0,154.15439097761464,1.4037554610905743,161.73509554907196,8.94566904074667,170.83665748154732,16.93355665276884,152.4575652862169,156.88416570718258,153.10180169634197,155.45855188920459,160.2132601126045,-0.003944940194805624,-4.426600420965684,-41.115834292817425,0.9889926801978879,0.8924171582452509,4,1,1,4,27,2023,0,1,-0.433883739117558,-0.9009688679024191,0.49999999999999994,0.8660254037844387,0.4647231720437685,0.8854560256532099,0,51145.86357154831,-142.74775016967658
2023-01-28,Compute,North,150.26960891538386,1,1,329.0,329.0,329.0,329.0,329.0,329.0,329.0,329.0,329.0,329.0,329.0,362.0,329.0,0.0,329.0,0.0,330.1,6.024948132556827,329.0,329.0,329.00000007551523,329.0095994865775,329.80422780155,0.0,151.05587751480948,152.4575652862169,153.0613832894279,153.88395541830263,154.3579902375929,153.92204811679036,154.51362878778934,174.2129749437756,180.92536476979356,196.72066828304057,158.5,153.32177837870424,1.232854803102418,159.90053672439691,8.237409767292423,171.90518673204096,14.366630926202527,151.05587751480948,154.51362878778934,152.07883960557572,154.3578832956058,158.99227576623184,-0.00919395353569985,-3.4577512729798627,-42.20703949525122,0.9852212655431164,0.8787162243775298,5,1,1,4,28,2023,1,0,-0.9749279121818236,-0.2225209339563146,0.49999999999999994,0.8660254037844387,0.4647231720437685,0.8854560256532099,0,50783.74360425431,-320.75128310782
2023-01-29,Compute,North,147.60018060938617,1,1,329.0,329.0,329.0,329.0,329.0,329.0,329.0,329.0,329.0,329.0,329.0,329.0,329.0,0.0,329.0,0.0,329.0,0.0,329.0,329.0,329.0000000377576,329.00719961493314,329.69699742801,0.0,150.26960891538386,151.05587751480948,152.4575652862169,153.0613832894279,153.88395541830263,154.3579902375929,153.92204811679036,172.4171936721485,180.88766210764302,191.45117266429307,198.0,152.71548982550343,1.5514356877952884,158.1902962937975,7.48883233076577,171.63084036255378,14.706019948621162,150.26960891538386,154.3579902375929,151.17422426047978,153.33581470055032,157.8292535194521,-0.005205150652602297,-3.6524392014065086,-37.529124547502704,0.9839840614930525,0.8755396624663375,6,1,1,4,29,2023,1,0,-0.7818314824680299,0.6234898018587334,0.49999999999999994,0.8660254037844387,0.4647231720437685,0.8854560256532099,0,50447.483036481055,-257.22255773198185
2022-11-06,Compute,South,138.20372796738667,1,2,563.0,563.0,478.0,408.0,414.0,483.0,552.0,241.0,246.0,580.0,213.0,410.0,448.42857142857144,109.3691869203527,407.57142857142856,126.53471052257939,414.95,132.87473683757636,241.0,563.0,506.7316881903025,466.40209952867133,440.0438529161863,0.17782426778242688,137.0,141.0,184.0,198.0,170.0,129.0,195.0,109.0,198.0,172.0,126.0,164.85714285714286,28.95645334767693,152.07142857142858,33.093025725193996,153.66666666666666,27.410460290431708,129.0,198.0,149.25210287245955,157.43728465482693,157.098444519596,-0.028368794326241176,-58.0,23.0,0.8310225252884249,0.8915401243500644,6,11,4,44,6,2022,1,0,-0.7818314824680299,0.6234898018587334,-0.5000000000000004,0.8660254037844384,-0.822983865893657,0.5680647467311548,0,88637.19126066756,-440.17112462950087
2022-11-07,Compute,South,138.67423007844752,1,2,563.0,563.0,563.0,478.0,408.0,414.0,483.0,552.0,592.0,202.0,515.0,299.0,494.42857142857144,67.15369719992376,430.2142857142857,123.72996563324664,420.05,135.5867421806882,408.0,563.0,534.8658440951513,490.55157464650347,456.43800586069483,0.0,138.20372796738667,137.0,141.0,184.0,198.0,170.0,129.0,157.0,157.0,135.0,185.0,156.74338970962665,26.99332911553064,154.15740914052762,31.025021320519567,154.07345759891288,27.074202207218423,129.0,198.0,143.7279154199231,152.62889548296687,154.5791489793014,0.008786335528369937,9.20372796738667,-6.0,0.8817196523674453,0.8969989330035187,0,11,4,45,7,2022,0,1,0.0,1.0,-0.5000000000000004,0.8660254037844384,-0.7485107481711011,0.6631226582407952,0,85930.06815691035,0.0
2022-11-08,Compute,South,138.00671489990802,1,2,563.0,563.0,563.0,563.0,478.0,408.0,414.0,483.0,209.0,503.0,508.5,213.0,496.0,68.83313155741209,428.14285714285717,121.02628903408811,428.85,136.02580574136,408.0,563.0,548.9329220475756,508.6636809848776,470.6462717459355,0.0,138.67423007844752,138.20372796738667,137.0,141.0,184.0,198.0,170.0,103.0,141.0,132.0,172.0,158.12542257797628,25.54495270984253,152.84842557470242,31.281397399706442,152.52926526819448,26.565799646107422,137.0,198.0,141.2010727491853,149.14022913183703,152.4584931258542,0.003404409692710164,-31.325769921552478,38.0,0.8769888291243894,0.9091647358652769,1,11,4,45,8,2022,0,0,0.7818314824680298,0.6234898018587336,-0.5000000000000004,0.8660254037844384,-0.7485107481711011,0.6631226582407952,0,83965.94900122425,440.17112462950075
2022-11-09,Compute,South,137.48454360129944,1,2,563.0,563.0,563.0,563.0,563.0,478.0,408.0,414.0,267.0,492.0,502.0,515.0,507.42857142857144,72.8396804469861,453.42857142857144,107.9983719861015,440.51666666666665,131.81874201769048,408.0,563.0,555.9664610237878,522.2477607386581,482.9601021798108,0.0,138.00671489990802,138.67423007844752,138.20372796738667,137.0,141.0,184.0,198.0,134.0,159.0,159.0,135.0,153.55495327796316,25.925534825778552,155.34890521041012,28.241694447389314,151.39615576485807,26.431294446939123,137.0,198.0,139.60389382454667,146.35685057385479,150.53158936239473,-0.004813548834285197,-59.99328510009198,39.0,0.8987447884624424,0.9115602261572204,2,11,4,45,9,2022,0,0,0.9749279121818236,-0.22252093395631434,-0.5000000000000004,0.8660254037844384,-0.7485107481711011,0.6631226582407952,0,82398.90687308024,548.8844145583666
2022-11-10,Compute,South,137.11041566656053,1,2,563.0,563.0,563.0,563.0,563.0,563.0,478.0,408.0,360.0,563.0,527.0,508.5,528.7142857142857,61.94275390959592,474.57142857142856,97.11984213467265,442.1166666666667,133.0396417026437,408.0,563.0,559.4832305118939,532.4358205539936,493.63208855583605,0.0,137.48454360129944,138.00671489990802,138.67423007844752,138.20372796738667,137.0,141.0,184.0,111.0,154.0,186.0,132.0,144.90988807814878,17.284559385495964,155.59780118193154,28.05380180122191,151.47897388490136,26.38199472339801,137.0,184.0,138.54421871292305,144.13877383071593,148.79198326091534,-0.003783665881673226,-46.515456398700564,-2.0,0.9487588768158886,0.9076146950807177,3,11,4,45,10,2022,0,0,0.43388373911755823,-0.900968867902419,-0.5000000000000004,0.8660254037844384,-0.7485107481711011,0.6631226582407952,0,81150.12966669307,244.2765451231853
2022-11-11,Compute,South,138.5062326093592,1,2,563.0,563.0,563.0,563.0,563.0,563.0,563.0,478.0,453.0,356.0,200.0,502.0,550.8571428571429,32.12698020578432,489.07142857142856,93.79557500282138,443.93333333333334,134.343084555239,478.0,563.0,561.241615255947,540.0768654154951,502.8811434150579,0.0,137.11041566656053,137.48454360129944,138.00671489990802,138.67423007844752,138.20372796738667,137.0,141.0,189.0,147.0,124.0,159.0,138.21137603051463,1.368724051479405,157.46283087240016,25.623499121541638,151.64932107378672,26.268136078880527,137.0,141.0,137.8273171897418,142.38168428967708,147.23444091500136,-0.0027212363291095887,-3.8895843334394726,17.0,0.9920342204266511,0.9041281147293746,4,11,4,45,11,2022,0,1,-0.433883739117558,-0.9009688679024191,-0.5000000000000004,0.8660254037844384,-0.7485107481711011,0.6631226582407952,0,80160.8882550882,-244.27654512318517
2022-11-12,Compute,South,138.88580467427494,1,2,563.0,563.0,563.0,563.0,563.0,563.0,563.0,563.0,440.0,596.0,276.0,527.0,563.0,0.0,496.92857142857144,95.1391404415451,445.96666666666664,135.70695693633226,563.0,563.0,562.1208076279735,545.8076490616213,510.8969909597169,0.0,138.5062326093592,137.11041566656053,137.48454360129944,138.00671489990802,138.67423007844752,138.20372796738667,137.0,172.0,168.0,138.0,186.0,137.85512354613732,0.6661505216683147,153.85613320164012,24.365757848478758,150.96619549409874,26.336772964730958,137.0,138.67423007844752,138.1667748995505,141.41282136959762,146.0706798075824,0.010180240035105426,1.5062326093591878,-1.0,1.0047231328205282,0.9174652062905578,5,11,4,45,12,2022,1,0,-0.9749279121818236,-0.2225209339563146,-0.5000000000000004,0.8660254037844384,-0.7485107481711011,0.6631226582407952,0,79615.41843108347,-548.8844145583666
2022-11-13,Compute,South,139.5700513311607,1,2,563.0,563.0,563.0,563.0,563.0,563.0,563.0,563.0,241.0,246.0,580.0,200.0,563.0,0.0,505.7142857142857,95.15689762090378,447.1666666666667,136.6044083030123,563.0,563.0,562.5604038139868,550.105736796216,517.8440588317546,0.0,138.88580467427494,138.5062326093592,137.11041566656053,137.48454360129944,138.00671489990802,138.67423007844752,138.20372796738667,195.0,109.0,198.0,124.0,138.12452421389088,0.6436315425448332,151.49083353551688,24.07449633720601,149.39572231657453,25.569189096038347,137.11041566656053,138.88580467427494,138.5262897869127,140.78106719576695,145.11269645647474,0.0027404692031895994,0.6820767068882674,-59.79627203261333,1.0055115444502356,0.9296504718543467,6,11,4,45,13,2022,1,0,-0.7818314824680299,0.6234898018587334,-0.5000000000000004,0.8660254037844384,-0.7485107481711011,0.6631226582407952,0,79259.7408312168,-440.17112462950087
2022-11-14,Compute,South,140.0623403364418,1,2,563.0,563.0,563.0,563.0,563.0,563.0,563.0,563.0,552.0,592.0,202.0,276.0,563.0,0.0,528.7142857142857,57.855826874193944,459.26666666666665,129.86675753495842,563.0,563.0,562.7802019069934,553.329302597162,523.8648509875206,0.0,139.5700513311607,138.88580467427494,138.5062326093592,137.11041566656053,137.48454360129944,138.00671489990802,138.67423007844752,129.0,157.0,157.0,138.0,138.3197132658586,0.846773624361904,147.53155148774266,20.688444455462612,149.91472402761323,25.191158626138726,137.11041566656053,139.5700513311607,139.0481705590367,140.4783132296154,144.37367710643287,0.0049266853332528004,0.8958212527131764,-18.325769921552478,1.0090394711407433,0.9309962800882494,0,11,4,46,14,2022,0,1,0.0,1.0,-0.5000000000000004,0.8660254037844384,-0.6631226582407955,0.7485107481711007,0,79089.29034827347,0.0
2022-11-15,Compute,South,139.15612158094137,1,2,563.0,563.0,563.0,563.0,563.0,563.0,563.0,563.0,483.0,209.0,503.0,580.0,563.0,0.0,529.5,58.26959888180245,468.8333333333333,126.42623127350981,563.0,563.0,562.8901009534967,555.7469769478715,529.0828708558513,0.0,140.0623403364418,139.5700513311607,138.88580467427494,138.5062326093592,137.11041566656053,137.48454360129944,138.00671489990802,170.0,103.0,141.0,198.0,138.51801473128637,1.0753260020319038,148.32171865463133,20.12992827069829,149.9834687054946,25.16031820677086,137.11041566656053,140.0623403364418,139.55525544773923,140.374320006322,143.7988322037674,0.0035271822327629376,2.0556254365337736,-2.993285100091981,1.0111489079380929,0.9338518478834115,1,11,4,46,15,2022,0,0,0.7818314824680298,0.6234898018587336,-0.5000000000000004,0.8660254037844384,-0.6631226582407955,0.7485107481711007,0,79030.74216355928,440.17112462950075
2022-11-16,Compute,South,137.87890254207036,1,2,563.0,563.0,563.0,563.0,563.0,563.0,563.0,563.0,414.0,267.0,492.0,202.0,563.0,0.0,535.2142857142857,57.272867211981975,468.26666666666665,125.94797320331514,563.0,563.0,562.9450504767483,557.5602327109036,533.6051547417378,0.0,139.15612158094137,140.0623403364418,139.5700513311607,138.88580467427494,138.5062326093592,137.11041566656053,137.48454360129944,198.0,134.0,159.0,157.0,138.6822156857197,1.0719899893676619,146.11858448184145,19.243159111040807,148.02200609152604,23.52872848267547,137.11041566656053,140.0623403364418,139.3556885143403,140.06977039997685,143.17980412072393,-0.006470110047594568,1.6715779796419383,-21.515456398700564,1.0034172001756767,0.9401042744603332,2,11,4,46,16,2022,0,0,0.9749279121818236,-0.22252093395631434,-0.5000000000000004,0.8660254037844384,-0.6631226582407955,0.7485107481711007,0,78859.28073518697,548.8844145583666
2022-11-17,Compute,South,136.7925462522367,1,2,563.0,563.0,563.0,563.0,563.0,563.0,563.0,563.0,408.0,360.0,563.0,503.0,563.0,0.0,545.8571428571429,45.68766395169091,480.3,116.52383210432043,563.0,563.0,562.9725252383741,558.9201745331777,537.5244674428395,0.0,137.87890254207036,139.15612158094137,140.0623403364418,139.5700513311607,138.88580467427494,138.5062326093592,137.11041566656053,184.0,111.0,154.0,141.0,138.7385526772584,1.0069468549761078,141.82422037770363,12.1905336632187,147.3846361762617,23.536121775761167,137.11041566656053,140.0623403364418,138.61729552820532,139.52205343550023,142.47301724357013,-0.00917831730548846,0.7684868755098364,-16.889584333439473,0.9938038049813622,0.9355038977174864,3,11,4,46,17,2022,0,0,0.43388373911755823,-0.900968867902419,-0.5000000000000004,0.8660254037844384,-0.6631226582407955,0.7485107481711007,0,78550.91608418663,244.2765451231853
2022-11-18,Compute,South,135.95604916363865,1,2,563.0,563.0,563.0,563.0,563.0,563.0,563.0,563.0,478.0,453.0,356.0,492.0,563.0,0.0,556.9285714285714,22.717205562556067,482.3,117.43821559764359,563.0,563.0,562.9862626191871,559.9401308998833,540.9212051171276,0.0,136.7925462522367,137.87890254207036,139.15612158094137,140.0623403364418,139.5700513311607,138.88580467427494,138.5062326093592,141.0,189.0,147.0,159.0,138.6931427609264,1.0958503752482427,138.45225939572052,1.2171248777040875,147.2443877180029,23.58795756460194,136.7925462522367,140.0623403364418,137.704920890221,138.83967663968434,141.71562111139235,-0.007879061044181124,-1.7136863571224978,-8.493767390640812,0.9862963845425129,0.9290170406032707,4,11,4,46,18,2022,0,1,-0.433883739117558,-0.9009688679024191,-0.5000000000000004,0.8660254037844384,-0.6631226582407955,0.7485107481711007,0,78166.73794814228,-244.27654512318517
2022-11-19,Compute,South,134.46156017547656,1,2,563.0,563.0,563.0,563.0,563.0,563.0,563.0,563.0,563.0,440.0,596.0,563.0,563.0,0.0,563.0,0.0,484.6666666666667,118.35228923775026,563.0,563.0,562.9931313095935,560.7050981749126,543.8650444348439,0.0,135.95604916363865,136.7925462522367,137.87890254207036,139.15612158094137,140.0623403364418,139.5700513311607,138.88580467427494,137.0,172.0,168.0,154.0,138.32883084010922,1.5128897291606351,138.09197719312328,1.1496135204085496,146.47625602345755,23.56713952636737,135.95604916363865,140.0623403364418,136.8304850269298,138.1187697706729,140.94767818502518,-0.006115077988647077,-2.9297555106362836,-29.114195325725063,0.9828467959650437,0.9281780673974067,5,11,4,46,19,2022,1,0,-0.9749279121818236,-0.2225209339563146,-0.5000000000000004,0.8660254037844384,-0.6631226582407955,0.7485107481711007,0,77760.86738088886,-548.8844145583666
2022-11-20,Compute,South,133.09133612885867,1,2,563.0,563.0,563.0,563.0,563.0,563.0,563.0,563.0,563.0,241.0,246.0,356.0,563.0,0.0,563.0,0.0,484.6666666666667,118.35228923775026,563.0,563.0,562.9965656547968,561.2788236311844,546.4163718435314,0.0,134.46156017547656,135.95604916363865,136.7925462522367,137.87890254207036,139.15612158094137,140.0623403364418,139.5700513311607,138.20372796738667,195.0,109.0,147.0,137.69679591170944,2.064876811586281,137.91066006280016,1.4860426826155224,145.82497469597345,23.621960173031127,134.46156017547656,140.0623403364418,135.64602260120319,137.20446737187382,140.0828624504187,-0.010992442023401994,-5.108491155684135,30.5700513311607,0.9765046333045256,0.9220749705853669,6,11,4,46,20,2022,1,0,-0.7818314824680299,0.6234898018587334,-0.5000000000000004,0.8660254037844384,-0.6631226582407955,0.7485107481711007,0,77246.11513036495,-440.17112462950087
2022-11-21,Compute,South,131.04459135773973,1,2,563.0,563.0,563.0,563.0,563.0,563.0,563.0,563.0,563.0,552.0,592.0,596.0,563.0,0.0,563.0,0.0,491.56666666666666,116.6136217669668,563.0,563.0,562.9982828273984,561.7091177233883,548.6275222643939,0.0,133.09133612885867,134.46156017547656,135.95604916363865,136.7925462522367,137.87890254207036,139.15612158094137,140.0623403364418,138.67423007844752,129.0,157.0,168.0,136.77126516852343,2.4928972879976334,137.54548921719103,1.9607944826605936,145.36135256693535,23.734326641334015,133.09133612885867,140.0623403364418,134.3686793650309,136.17618456112004,139.15065894087735,-0.010190451790308752,-6.971004207583121,-16.937659663558208,0.9730942752615122,0.9155895488244292,0,11,4,47,21,2022,0,1,0.0,1.0,-0.5000000000000004,0.8660254037844384,-0.5680647467311559,0.8229838658936564,0,76667.19190791059,0.0
2022-11-22,Compute,South,130.2640124401255,1,2,563.0,563.0,563.0,563.0,563.0,563.0,563.0,563.0,563.0,483.0,209.0,246.0,563.0,0.0,563.0,0.0,490.46666666666664,115.74696937518594,563.0,563.0,562.9991414136991,562.0318382925412,550.5438526291414,0.0,131.04459135773973,133.09133612885867,134.46156017547656,135.95604916363865,136.7925462522367,137.87890254207036,139.15612158094137,138.00671489990802,170.0,103.0,109.0,135.48301531442317,2.817614969530583,137.00051502285476,2.584137348610271,144.12950561219338,23.476450018552267,131.04459135773973,139.15612158094137,132.70663536138534,134.89328626027495,138.06984992979233,-0.01537849743380204,-8.11153022320164,36.156121580941374,0.967239990093054,0.9092141813149962,1,11,4,47,22,2022,0,0,0.7818314824680298,0.6234898018587336,-0.5000000000000004,0.8660254037844384,-0.5680647467311559,0.8229838658936564,0,75944.9201645348,440.17112462950075
2022-11-23,Compute,South,129.96016575937406,1,2,563.0,563.0,563.0,563.0,563.0,563.0,563.0,563.0,563.0,414.0,267.0,592.0,563.0,0.0,563.0,0.0,501.03333333333336,106.78224162489184,563.0,563.0,562.9995707068496,562.273878719406,552.2046722785892,0.0,130.2640124401255,131.04459135773973,133.09133612885867,134.46156017547656,135.95604916363865,136.7925462522367,137.87890254207036,137.48454360129944,198.0,134.0,157.0,134.2127140085923,2.889185242785006,136.44746484715603,3.1243076989833094,144.8383060268642,22.68697427755765,130.2640124401255,137.87890254207036,131.48532390075542,133.73596780523758,137.02907159783675,-0.005956590115828053,-7.614890101944866,3.878902542070364,0.9705787743865103,0.8993754146543878,2,11,4,47,23,2022,0,0,0.9749279121818236,-0.22252093395631434,-0.5000000000000004,0.8660254037844384,-0.5680647467311559,0.8229838658936564,0,75293.34987434876,548.8844145583666
2022-11-24,Compute,South,129.52661262645057,1,2,563.0,563.0,563.0,563.0,563.0,563.0,563.0,563.0,563.0,408.0,360.0,209.0,563.0,0.0,563.0,0.0,500.06666666666666,106.05916804518498,563.0,563.0,562.9997853534248,562.4554090395545,553.6440493081107,0.0,129.96016575937406,130.2640124401255,131.04459135773973,133.09133612885867,134.46156017547656,135.95604916363865,136.7925462522367,137.11041566656053,184.0,111.0,103.0,133.08146589677855,2.7619292900165457,135.91000928701848,3.5503237141395925,143.9369782188433,22.724243287916302,129.96016575937406,136.7925462522367,130.72274483006476,132.7920172937717,136.08655081937508,-0.0023325450756485067,-6.832380492862626,25.79254625223669,0.9765459367845303,0.9028962985375791,3,11,4,47,24,2022,0,0,0.43388373911755823,-0.900968867902419,-0.5000000000000004,0.8660254037844384,-0.5680647467311559,0.8229838658936564,0,74761.90573639347,244.2765451231853
2022-11-25,Compute,South,129.05707257252425,1,2,563.0,563.0,563.0,563.0,563.0,563.0,563.0,563.0,563.0,478.0,453.0,267.0,563.0,0.0,563.0,0.0,511.8666666666667,91.21242101340385,563.0,563.0,562.9998926767124,562.5915567796659,554.8915094003626,0.0,129.52661262645057,129.96016575937406,130.2640124401255,131.04459135773973,133.09133612885867,134.46156017547656,135.95604916363865,138.5062326093592,141.0,189.0,134.0,132.0434753788091,2.486376700456601,135.36830906986776,3.9131043143403113,144.82119863972503,21.56282947612675,129.52661262645057,135.95604916363865,130.12467872825766,131.9756661269414,135.2118923936518,-0.0033360463215030833,-6.4294365371880815,-53.04395083636135,0.9809391283736116,0.8943898610747381,4,11,4,47,25,2022,0,1,-0.433883739117558,-0.9009688679024191,-0.5000000000000004,0.8660254037844384,-0.5680647467311559,0.8229838658936564,0,74302.30002946801,-244.27654512318517
2022-11-26,Compute,South,128.87834636984323,1,2,563.0,563.0,563.0,563.0,563.0,563.0,563.0,563.0,563.0,563.0,440.0,360.0,563.0,0.0,563.0,0.0,521.7333333333333,79.00368098509969,563.0,563.0,562.9999463383563,562.6936675847494,555.9726414803142,0.0,129.05707257252425,129.52661262645057,129.96016575937406,130.2640124401255,131.04459135773973,133.09133612885867,134.46156017547656,138.88580467427494,137.0,172.0,111.0,131.05790729436418,1.9959697532593224,134.69336906723672,4.138640948979394,144.65643439214247,21.666999974076955,129.05707257252425,134.46156017547656,129.59087565039096,131.24601773833712,134.3912497508348,-0.0036250469645219274,-5.404487602952315,-37.53843982452344,0.9847331935334575,0.8921626765008371,5,11,4,47,26,2022,1,0,-0.9749279121818236,-0.2225209339563146,-0.5000000000000004,0.8660254037844384,-0.5680647467311559,0.8229838658936564,0,73891.50798668379,-548.8844145583666
2022-11-27,Compute,South,128.66889210089013,1,2,563.0,563.0,563.0,563.0,563.0,563.0,563.0,563.0,563.0,563.0,241.0,453.0,563.0,0.0,563.0,0.0,528.5,73.15017618476438,563.0,563.0,562.9999731691781,562.7702506885621,556.9096226162724,0.0,128.87834636984323,129.05707257252425,129.52661262645057,129.96016575937406,130.2640124401255,131.04459135773973,133.09133612885867,139.5700513311607,138.20372796738667,195.0,189.0,130.26030532213085,1.4500472452864595,133.97855061692016,4.2222213673578874,145.25237927113724,20.943146130207634,128.87834636984323,133.09133612885867,129.23461101011708,130.65409989621364,133.65619596670257,-0.0013848617446408085,-4.212989759015443,-61.90866387114133,0.9893907822627865,0.8872718376750233,6,11,4,47,27,2022,1,0,-0.7818314824680299,0.6234898018587334,-0.5000000000000004,0.8660254037844384,-0.5680647467311559,0.8229838658936564,0,73558.25824156828,-440.17112462950087
2022-11-28,Compute,South,128.0214755031051,1,2,563.0,563.0,563.0,563.0,563.0,563.0,563.0,563.0,563.0,563.0,552.0,440.0,563.0,0.0,563.0,0.0,532.1666666666666,71.98279647600353,563.0,563.0,562.9999865845891,562.8276880164216,557.7216729341028,0.0,128.66889210089013,128.87834636984323,129.05707257252425,129.52661262645057,129.96016575937406,130.2640124401255,131.04459135773973,140.0623403364418,138.67423007844752,129.0,172.0,129.62852760384962,0.8504588071798446,133.19989638618654,4.115564753652634,143.24134234116693,19.440160498826504,128.66889210089013,131.04459135773973,128.95175155550362,130.15779794738276,132.99122211792758,-0.0016252091592797724,-2.3756992568496003,2.0445913577397334,0.9925970269562175,0.898266443888559,0,11,4,48,28,2022,0,1,0.0,1.0,-0.5000000000000004,0.8660254037844384,-0.4647231720437684,0.88545602565321,0,73278.8402443765,0.0
2022-11-29,Compute,South,128.03189205891806,1,2,563.0,563.0,563.0,563.0,563.0,563.0,563.0,563.0,563.0,563.0,483.0,241.0,563.0,0.0,563.0,0.0,536.2666666666667,70.02853277271238,563.0,563.0,562.9999932922946,562.8707660123162,558.4254498762225,0.0,128.0214755031051,128.66889210089013,128.87834636984323,129.05707257252425,129.52661262645057,129.96016575937406,130.2640124401255,139.15612158094137,138.00671489990802,170.0,195.0,129.1966539103304,0.7758282440513798,132.3398346123768,3.818571726996064,141.77539152460378,18.845825448950322,128.0214755031051,130.2640124401255,128.48661352930435,129.62371733631335,132.32858923595126,-0.005031648187950322,-2.2425369370203896,-39.7359875598745,0.9909039486506757,0.9029879813655829,1,11,4,48,29,2022,0,0,0.7818314824680298,0.6234898018587336,-0.5000000000000004,0.8660254037844384,-0.4647231720437684,0.88545602565321,0,72978.15286034442,440.17112462950075
2022-11-30,Compute,South,128.66825388450115,1,2,563.0,563.0,563.0,563.0,563.0,563.0,563.0,563.0,563.0,563.0,414.0,552.0,563.0,0.0,563.0,0.0,547.0,42.46377766747918,563.0,563.0,562.9999966461473,562.9030745092371,559.0353898927262,0.0,128.03189205891806,128.0214755031051,128.66889210089013,128.87834636984323,129.05707257252425,129.52661262645057,129.96016575937406,137.87890254207036,137.48454360129944,198.0,129.0,128.8777795701579,0.7207758333031584,131.5452467893751,3.4285766741000634,139.54312125990106,16.088465436434003,128.0214755031051,129.96016575937406,128.2592527941112,129.22576101696453,131.7556962790135,8.13656909672833e-05,-1.9282737004560033,-68.03983424062594,0.9934365062193218,0.9175077208065965,2,11,4,48,30,2022,0,0,0.9749279121818236,-0.22252093395631434,-0.5000000000000004,0.8660254037844384,-0.4647231720437684,0.88545602565321,0,72754.10345255103,548.8844145583666
2022-12-01,Compute,South,129.6520182929828,1,2,563.0,563.0,563.0,563.0,563.0,563.0,563.0,563.0,563.0,563.0,408.0,483.0,563.0,0.0,563.0,0.0,547.3666666666667,42.5558321569995,563.0,563.0,562.9999983230737,562.9273058819279,559.5640045736961,0.0,128.66825388450115,128.03189205891806,128.0214755031051,128.66889210089013,128.87834636984323,129.05707257252425,129.52661262645057,136.7925462522367,137.11041566656053,184.0,170.0,128.69322073089035,0.5402181975098483,130.88734331383446,2.9732004169248385,139.53206305605107,16.09607421498624,128.0214755031051,129.52661262645057,128.46375333930618,129.0863842338487,131.34403729307854,0.004970338369210792,-0.8583587419494165,-54.47338737354943,0.999805989421561,0.9221411204295964,3,12,4,48,1,2022,0,0,0.43388373911755823,-0.900968867902419,-2.4492935982947064e-16,1.0,-0.4647231720437684,0.88545602565321,0,72675.6343236568,244.2765451231853
2022-12-02,Compute,South,129.73744125482605,1,2,563.0,563.0,563.0,563.0,563.0,563.0,563.0,563.0,563.0,563.0,478.0,414.0,563.0,0.0,563.0,0.0,550.0333333333333,40.85591446934504,563.0,563.0,562.9999991615368,562.9454794114458,560.0221372972034,0.0,129.6520182929828,128.66825388450115,128.03189205891806,128.0214755031051,128.66889210089013,128.87834636984323,129.05707257252425,135.95604916363865,138.5062326093592,141.0,198.0,128.71113582610926,0.5735152227791914,130.3773056024592,2.4484160810096296,138.18713033248383,15.118473890858038,128.0214755031051,129.6520182929828,129.0578858161445,129.22779274863223,131.11843475973245,0.007645743054574439,0.5949457204585542,-11.942927427475752,1.007310023748331,0.9382351094693094,4,12,4,48,2,2022,0,1,-0.433883739117558,-0.9009688679024191,-2.4492935982947064e-16,1.0,-0.4647231720437684,0.88545602565321,0,72755.24731747994,-244.27654512318517
2022-12-03,Compute,South,130.76956938847937,1,2,563.0,563.0,563.0,563.0,563.0,563.0,563.0,563.0,563.0,563.0,563.0,408.0,563.0,0.0,563.0,0.0,555.0,31.80219033879314,563.0,563.0,562.9999995807684,562.9591095585844,560.4191856575762,0.0,129.73744125482605,129.6520182929828,128.66825388450115,128.03189205891806,128.0214755031051,128.66889210089013,128.87834636984323,134.46156017547656,138.88580467427494,137.0,184.0,128.80833135215238,0.6881157936799343,129.9331193232583,1.8492506450711936,135.91171170764474,10.114808708311008,128.0214755031051,129.73744125482605,129.39766353548526,129.35520487518068,130.9343022924116,0.0006588633402544453,0.8590948849828237,-8.121653630156771,1.0072131118050156,0.9545714542932737,5,12,4,48,3,2022,1,0,-0.9749279121818236,-0.2225209339563146,-2.4492935982947064e-16,1.0,-0.4647231720437684,0.88545602565321,0,72826.98034472672,-548.8844145583666
2022-12-04,Compute,South,133.2283547082421,1,2,563.0,563.0,563.0,563.0,563.0,563.0,563.0,563.0,563.0,563.0,563.0,478.0,563.0,0.0,563.0,0.0,560.1666666666666,15.51880579597971,563.0,563.0,562.9999997903842,562.9693321689383,560.763294236566,0.0,130.76956938847937,129.73744125482605,129.6520182929828,128.66825388450115,128.03189205891806,128.0214755031051,128.66889210089013,133.09133612885867,139.5700513311607,138.20372796738667,141.0,129.07850606910037,1.0142001743376035,129.66940569561564,1.3495214879515205,134.13736402059402,4.497049478198571,128.0214755031051,130.76956938847937,130.08361646198233,129.70879600350534,130.91233790522062,0.007955514797197472,2.100677287589235,-9.534835866496536,1.013101037173243,0.9748929343319246,6,12,4,48,4,2022,1,0,-0.7818314824680299,0.6234898018587334,-2.4492935982947064e-16,1.0,-0.4647231720437684,0.88545602565321,0,73026.0521499735,-440.17112462950087
2022-12-05,Compute,South,135.32244967726422,1,2,563.0,563.0,563.0,563.0,563.0,563.0,563.0,563.0,563.0,563.0,563.0,563.0,563.0,0.0,563.0,0.0,563.0,0.0,563.0,563.0,562.9999998951921,562.9769991267037,561.0615216716906,0.0,133.2283547082421,130.76956938847937,129.73744125482605,129.6520182929828,128.66825388450115,128.03189205891806,128.0214755031051,131.04459135773973,140.0623403364418,138.67423007844752,137.0,129.72985787015065,1.8373557950431514,129.67919273700014,1.3764747722344015,133.87830917753544,4.307961391881703,128.0214755031051,133.2283547082421,131.6559855851122,130.58868567968955,131.2211401456235,0.018802427286874313,5.206879205137,-10.652754575342414,1.0269675452402456,0.9951451772252621,0,12,4,49,5,2022,0,1,0.0,1.0,-2.4492935982947064e-16,1.0,-0.35460488704253595,0.9350162426854147,0,73521.43003766521,0.0
2022-12-10,Compute,West,175.99714061561366,1,3,443.0,443.0,342.0,560.0,237.0,314.0,595.0,525.0,309.3333333333333,427.0,433.0,499.5,430.85714285714283,136.48129123489,377.0,117.19353559955765,371.45,109.71332506727708,237.0,595.0,417.58783963693895,406.2829073025295,389.3160881128501,0.29532163742690054,176.0,160.0,173.0,135.0,149.0,157.0,115.0,109.0,167.0,147.0,167.0,152.14285714285714,21.497508161246433,147.46428571428572,20.930713801009755,152.91666666666666,24.30059007845117,115.0,176.0,167.31075642847475,159.29872199293865,154.85300604505338,0.10000000000000009,61.0,-32.0,1.1568075041336596,1.150953670947442,5,12,4,49,10,2022,1,0,-0.9749279121818236,-0.2225209339563146,-2.4492935982947064e-16,1.0,-0.35460488704253595,0.9350162426854147,0,70569.33384287183,-431.89306509654784
2022-12-11,Compute,West,174.25497750237938,1,3,443.0,443.0,443.0,342.0,560.0,237.0,314.0,595.0,278.6666666666667,220.0,467.0,524.0,419.14285714285717,130.4395499473844,386.5476190476191,116.70055237880808,369.56666666666666,107.90953888500998,237.0,595.0,430.2939198184695,415.4621804768971,396.47394303113674,0.0,175.99714061561366,176.0,160.0,173.0,135.0,149.0,157.0,131.0,139.0,184.0,147.0,160.8567343736591,15.442207049547964,152.24979575825813,19.03284445945951,153.2165713538538,24.534782756221833,135.0,176.0,171.6539485220442,163.47332664860738,157.67222398779475,-1.6246502195116364e-05,18.99714061561366,-27.0,1.0941235392275273,1.1486821426154092,6,12,4,49,11,2022,1,0,-0.7818314824680299,0.6234898018587334,-2.4492935982947064e-16,1.0,-0.35460488704253595,0.9350162426854147,0,72418.68370533307,-346.35134673333727
2022-12-12,Compute,West,172.030705426787,1,3,443.0,443.0,443.0,443.0,342.0,560.0,237.0,314.0,248.0,489.0,501.0,433.0,397.42857142857144,106.79397165080238,398.2857142857143,113.2277681159859,366.8666666666667,104.88313511070949,237.0,560.0,436.64695990923474,422.3466353576728,402.67741729365184,0.0,174.25497750237938,175.99714061561366,176.0,160.0,173.0,135.0,149.0,128.0,111.0,166.0,147.0,163.32173115971332,16.087653683219248,155.3394370084281,18.827702641609537,154.1250706039331,24.79983247246387,135.0,176.0,172.9544630122118,166.1687393620504,159.8832577897394,-0.009898814873585127,25.254977502379376,-17.0,1.0669429915914335,1.1306076012744741,0,12,4,50,12,2022,0,1,0.0,1.0,-2.4492935982947064e-16,1.0,-0.2393156642875578,0.970941817426052,0,73612.75153738832,0.0
2022-12-13,Compute,West,170.91533525153625,1,3,443.0,443.0,443.0,443.0,443.0,342.0,560.0,237.0,342.0,251.0,268.0,467.0,415.85714285714283,100.96934942748479,412.2142857142857,105.0144155462833,367.2,105.11619551423546,237.0,560.0,439.82347995461737,427.50997651825463,408.05376165449826,0.0,172.030705426787,174.25497750237938,175.99714061561366,176.0,160.0,173.0,135.0,145.5,133.0,123.0,184.0,166.6118319349686,14.987975812748966,158.48448739605573,17.543234212383776,154.95942745149264,24.972315440981223,135.0,176.0,172.4925842194994,167.63423087823455,161.50291747467907,-0.012764467950776348,37.030705426786994,12.0,1.0325239354033964,1.1101661069990214,1,12,4,50,13,2022,0,0,0.7818314824680298,0.6234898018587336,-2.4492935982947064e-16,1.0,-0.2393156642875578,0.970941817426052,0,74261.96427905791,346.3513467333372
2022-12-14,Compute,West,169.72523117118595,1,3,443.0,443.0,443.0,443.0,443.0,443.0,342.0,560.0,387.0,305.0,275.0,501.0,445.2857142857143,63.052132625085946,419.42857142857144,103.27462588481427,366.4,104.41948262891566,342.0,560.0,441.4117399773087,431.38248238869096,412.71326010056515,0.0,170.91533525153625,172.030705426787,174.25497750237938,175.99714061561366,176.0,160.0,173.0,163.0,162.0,191.0,166.0,171.74259411375948,5.519294830337185,160.29986848545119,17.410731466692685,154.52327195987718,24.558451601915106,160.0,176.0,171.70395973551783,168.45450697155997,162.75790651159335,-0.006483552877863619,-2.0846647484637515,-18.0,0.9951831410159182,1.1060815110738391,2,12,4,50,14,2022,0,0,0.9749279121818236,-0.22252093395631434,-2.4492935982947064e-16,1.0,-0.2393156642875578,0.970941817426052,0,74625.34658840107,431.89306509654784
2022-12-15,Compute,West,169.87533222490725,1,3,443.0,443.0,443.0,443.0,443.0,443.0,443.0,342.0,428.0,273.0,292.0,268.0,428.57142857142856,38.17441177393194,423.42857142857144,103.00613445937937,364.46666666666664,102.35800743382883,342.0,443.0,442.20586998865434,434.2868617915182,416.75149208715646,0.0,169.72523117118595,170.91533525153625,172.030705426787,174.25497750237938,175.99714061561366,176.0,160.0,162.0,177.0,186.0,123.0,171.27476999535747,5.53372027338039,160.78024214053588,17.582886216982224,154.64744633225007,24.627802138162053,160.0,176.0,170.71459545335188,168.77218802146646,163.68688313287237,-0.00696312053332615,9.725231171185953,-26.0,0.9909529009137399,1.097497786733862,3,12,4,50,15,2022,0,0,0.43388373911755823,-0.900968867902419,-2.4492935982947064e-16,1.0,-0.2393156642875578,0.970941817426052,0,74766.07929350964,192.2104964290783
2022-12-16,Compute,West,170.54808427404177,1,3,443.0,443.0,443.0,443.0,443.0,443.0,443.0,443.0,269.0,340.0,301.0,275.0,443.0,0.0,424.5,103.13527338105337,370.3,101.65501534894314,443.0,443.0,442.60293499432714,436.46514634363865,420.25129314220226,0.0,169.87533222490725,169.72523117118595,170.91533525153625,172.030705426787,174.25497750237938,175.99714061561366,176.0,161.0,199.0,124.0,191.0,172.6855317417728,2.7275937830877903,161.34276587088638,17.750092813403427,156.20995740641368,24.030451177647677,169.72523117118595,176.0,170.29496383912957,169.04797407232667,164.51200967847703,0.0008843767817285908,-6.124667775092746,52.0,0.9837264855240201,1.0874808108132272,4,12,4,50,16,2022,0,1,-0.433883739117558,-0.9009688679024191,-2.4492935982947064e-16,1.0,-0.2393156642875578,0.970941817426052,0,74888.25251404071,-192.2104964290782
2022-12-17,Compute,West,170.3764954055378,1,3,443.0,443.0,443.0,443.0,443.0,443.0,443.0,443.0,525.0,309.3333333333333,427.0,292.0,443.0,0.0,436.92857142857144,92.9346042082316,375.9,100.84828520283574,443.0,443.0,442.80146749716357,438.098859757729,423.28445405657527,0.0,170.54808427404177,169.87533222490725,169.72523117118595,170.91533525153625,172.030705426787,174.25497750237938,175.99714061561366,115.0,109.0,167.0,186.0,171.90668663806446,2.379614501228998,162.0247718904608,17.91854192430201,155.52822688221508,23.2880812000458,169.72523117118595,175.99714061561366,170.42152405658567,169.42300162275544,165.31681962455235,0.003960269218157064,-5.44905634157189,8.99714061561366,0.9920968556680988,1.0965731854361611,5,12,4,50,17,2022,1,0,-0.9749279121818236,-0.2225209339563146,-2.4492935982947064e-16,1.0,-0.2393156642875578,0.970941817426052,0,75054.38971888066,-431.89306509654784
2022-12-18,Compute,West,171.0478138116556,1,3,443.0,443.0,443.0,443.0,443.0,443.0,443.0,443.0,595.0,278.6666666666667,220.0,301.0,443.0,0.0,431.07142857142856,89.47665298038045,380.93333333333334,100.28306297828418,443.0,443.0,442.9007337485818,439.32414481829676,425.9131935156986,0.0,170.3764954055378,170.54808427404177,169.87533222490725,169.72523117118595,170.91533525153625,172.030705426787,174.25497750237938,157.0,131.0,139.0,124.0,171.10373732233933,1.5849274056480385,165.9802358479992,11.810511171311031,155.007443395733,22.75166739734508,169.72523117118595,174.25497750237938,170.39900973106174,169.66137506845104,165.99144306201708,-0.0010061025852875494,-3.878482096841566,35.254977502379376,0.9957496959217135,1.0991504057738526,6,12,4,50,18,2022,1,0,-0.7818314824680299,0.6234898018587334,-2.4492935982947064e-16,1.0,-0.2393156642875578,0.970941817426052,0,75159.98915532381,-346.35134673333727
2022-12-19,Compute,West,171.59666025386485,1,3,443.0,443.0,443.0,443.0,443.0,443.0,443.0,443.0,314.0,248.0,489.0,427.0,443.0,0.0,420.2142857142857,76.30826003422271,385.6666666666667,99.72978818457904,443.0,443.0,442.9503668742909,440.2431086137226,428.19143438027214,0.0,171.0478138116556,170.3764954055378,170.54808427404177,169.87533222490725,169.72523117118595,170.91533525153625,172.030705426787,149.0,128.0,111.0,167.0,170.6455710808074,0.7826629670167831,166.9836511202603,11.583430418128646,156.5757038561215,22.154287685274234,169.72523117118595,172.030705426787,170.72341177135866,170.00798475425216,166.66562582863557,0.003940205510859274,-0.9828916151313933,61.030705426786994,1.00235717649127,1.0924288283985861,0,12,4,51,19,2022,0,1,0.0,1.0,-2.4492935982947064e-16,1.0,-0.12053668025532363,0.992708874098054,0,75313.53724613371,0.0
2022-12-20,Compute,West,172.36609481542646,1,3,443.0,443.0,443.0,443.0,443.0,443.0,443.0,443.0,237.0,342.0,251.0,220.0,443.0,0.0,429.42857142857144,70.0260548056818,386.2,100.00086589663425,443.0,443.0,442.97518343714546,440.93233146029195,430.16590979623584,0.0,171.59666025386485,171.0478138116556,170.3764954055378,170.54808427404177,169.87533222490725,169.72523117118595,170.91533525153625,135.0,145.5,133.0,139.0,170.58356462753278,0.6626245513861272,168.59769828125064,10.398528940309955,156.72892586458366,22.244581125412143,169.72523117118595,171.59666025386485,171.16003601261176,170.40515362915534,167.32309708533282,0.003208731114292984,0.6813250023286059,37.91533525153625,1.005938993141603,1.0948627269178406,1,12,4,51,20,2022,0,0,0.7818314824680298,0.6234898018587336,-2.4492935982947064e-16,1.0,-0.12053668025532363,0.992708874098054,0,75489.48305771581,346.3513467333372
2022-12-21,Compute,West,171.90850606848824,1,3,443.0,443.0,443.0,443.0,443.0,443.0,443.0,443.0,560.0,387.0,305.0,489.0,443.0,0.0,444.14285714285717,42.85190444175981,393.6333333333333,95.40317150964961,443.0,443.0,442.98759171857273,441.44924859521893,431.8771218234044,0.0,172.36609481542646,171.59666025386485,171.0478138116556,170.3764954055378,170.54808427404177,169.87533222490725,169.72523117118595,173.0,163.0,162.0,111.0,170.79081599380282,0.9487797424984954,171.26670505378112,3.8365386654306044,157.84112902509787,22.161567119276555,169.72523117118595,172.36609481542646,171.7630654140191,170.89538892572313,167.99549678267863,0.0044839716601901,2.640863644240511,7.725231171185953,1.0092234339606256,1.0920226862796727,2,12,4,51,21,2022,0,0,0.9749279121818236,-0.22252093395631434,-2.4492935982947064e-16,1.0,-0.12053668025532363,0.992708874098054,0,75706.65729409535,431.89306509654784
2022-12-22,Compute,West,170.60933090638656,1,3,443.0,443.0,443.0,443.0,443.0,443.0,443.0,443.0,342.0,428.0,273.0,251.0,443.0,0.0,435.7857142857143,26.99338543315486,392.1,94.17938170691777,443.0,443.0,442.99379585928637,441.8369364464142,433.3601722469505,0.0,171.90850606848824,172.36609481542646,171.59666025386485,171.0478138116556,170.3764954055378,170.54808427404177,169.87533222490725,160.0,162.0,177.0,133.0,171.10271240770317,0.8975803099151978,171.1887412015303,3.809602000287761,159.87141256071416,20.445937839335357,169.87533222490725,172.36609481542646,171.8357857412537,171.1486682114144,168.5172313541199,-0.0026547491687864966,2.0331738435809825,-7.124667775092746,1.0047094090136668,1.075292338008901,3,12,4,51,22,2022,0,0,0.43388373911755823,-0.900968867902419,-2.4492935982947064e-16,1.0,-0.12053668025532363,0.992708874098054,0,75818.86001765658,192.2104964290783
2022-12-23,Compute,West,171.71292420249316,1,3,443.0,443.0,443.0,443.0,443.0,443.0,443.0,443.0,443.0,269.0,340.0,305.0,443.0,0.0,443.0,0.0,398.5,90.72043495270326,443.0,443.0,442.9968979296432,442.12770233481064,434.6454826140238,0.0,170.60933090638656,171.90850606848824,172.36609481542646,171.59666025386485,171.0478138116556,170.3764954055378,170.54808427404177,176.0,161.0,199.0,162.0,171.2075693622002,0.7630968486875641,171.9465505519865,2.071376589095874,161.12505692426035,19.886866400277135,170.3764954055378,172.36609481542646,171.22255832382012,171.01383388515745,168.7961779610888,-0.007557364040986392,0.06124663234479044,-28.45191572595823,0.9965057651682807,1.0588628057256275,4,12,4,51,23,2022,0,1,-0.433883739117558,-0.9009688679024191,-2.4492935982947064e-16,1.0,-0.12053668025532363,0.992708874098054,0,75759.12841112475,-192.2104964290782
2022-12-24,Compute,West,172.08499789718817,1,3,443.0,443.0,443.0,443.0,443.0,443.0,443.0,443.0,443.0,525.0,309.3333333333333,273.0,443.0,0.0,443.0,0.0,403.1,89.30361274350633,443.0,443.0,442.9984489648216,442.34577675110796,435.75941826548734,0.0,171.71292420249316,170.60933090638656,171.90850606848824,172.36609481542646,171.59666025386485,171.0478138116556,170.3764954055378,175.99714061561366,115.0,109.0,177.0,171.37397506626468,0.7211712380506672,171.64033085216457,1.7117052774681052,161.44882106434346,19.980446400914982,170.3764954055378,172.36609481542646,171.46774126315665,171.18860646449136,169.18507745994273,0.0064685400865451825,1.3364287969553459,61.37649540553781,1.001977827345836,1.063574958348467,5,12,4,51,24,2022,1,0,-0.9749279121818236,-0.2225209339563146,-2.4492935982947064e-16,1.0,-0.12053668025532363,0.992708874098054,0,75836.55266376967,-431.89306509654784
2022-12-25,Compute,West,171.39166217845468,1,3,443.0,443.0,443.0,443.0,443.0,443.0,443.0,443.0,443.0,595.0,278.6666666666667,340.0,443.0,0.0,443.0,0.0,408.76666666666665,86.09969940451532,443.0,443.0,442.9992244824108,442.509332563331,436.7248291634224,0.0,172.08499789718817,171.71292420249316,170.60933090638656,171.90850606848824,172.36609481542646,171.59666025386485,171.0478138116556,174.25497750237938,157.0,131.0,199.0,171.6180468507862,0.6074699262903743,171.36089208656276,1.183602310218449,161.2849876609164,19.86837095071707,170.60933090638656,172.36609481542646,171.7763695801724,171.41270432266555,169.57173351824213,0.002166835702222647,1.037184085532573,40.0478138116556,1.0027208679521165,1.066962271727455,6,12,4,51,25,2022,1,0,-0.7818314824680299,0.6234898018587334,-2.4492935982947064e-16,1.0,-0.12053668025532363,0.992708874098054,0,75935.82801494084,-346.35134673333727
2022-12-26,Compute,West,170.72201656722962,1,3,443.0,443.0,443.0,443.0,443.0,443.0,443.0,443.0,443.0,314.0,248.0,309.3333333333333,443.0,0.0,443.0,0.0,412.2,85.31301841519331,443.0,443.0,442.9996122412054,442.6319994224982,437.5615186082994,0.0,171.39166217845468,172.08499789718817,171.71292420249316,170.60933090638656,171.90850606848824,172.36609481542646,171.59666025386485,172.030705426787,149.0,128.0,109.0,171.66716804604314,0.5661731664237277,171.15636956342527,0.8435953962622441,160.36470973353156,18.66411653319972,170.60933090638656,172.36609481542646,171.58401587931354,171.40744378661282,169.81439067293712,-0.004029030579107973,-0.2049980754101739,43.596660253864854,0.9983951103223787,1.068761708199293,0,12,4,52,26,2022,0,1,0.0,1.0,-2.4492935982947064e-16,1.0,6.432490598706546e-16,1.0,0,75933.49759746948,0.0
2022-12-27,Compute,West,170.62992214205536,1,3,443.0,443.0,443.0,443.0,443.0,443.0,443.0,443.0,443.0,237.0,342.0,278.6666666666667,443.0,0.0,443.0,0.0,416.6555555555556,83.22022131832355,443.0,443.0,442.99980612060267,442.72399956687366,438.2866494605262,0.0,170.72201656722962,171.39166217845468,172.08499789718817,171.71292420249316,170.60933090638656,171.90850606848824,172.36609481542646,170.91533525153625,135.0,145.5,131.0,171.54221894795242,0.6711142917590306,171.0628917877426,0.8111415272235228,162.42211028577256,16.02162506378164,170.60933090638656,172.36609481542646,171.15301622327158,171.23608698176702,169.93540745884277,-0.0039071072811455165,-1.6440782481968483,26.866094815426464,0.995218650073599,1.0511008335980427,1,12,4,52,27,2022,0,0,0.7818314824680298,0.6234898018587336,-2.4492935982947064e-16,1.0,6.432490598706546e-16,1.0,0,75857.58653292278,346.3513467333372
2022-12-28,Compute,West,168.32824304396817,1,3,443.0,443.0,443.0,443.0,443.0,443.0,443.0,443.0,443.0,560.0,387.0,248.0,443.0,0.0,443.0,0.0,422.1333333333333,79.1322478113579,443.0,443.0,442.99990306030134,442.7929996751552,438.9150961991227,0.0,170.62992214205536,170.72201656722962,171.39166217845468,172.08499789718817,171.71292420249316,170.60933090638656,171.90850606848824,169.72523117118595,173.0,163.0,128.0,171.29419428032796,0.6357759986048125,171.04250513706538,0.8186869726191609,163.74310769050774,14.938667434922099,170.60933090638656,172.08499789718817,170.89146918266346,171.0845457718391,170.02800941660448,-0.0005394408233104775,-1.2785839264328729,8.908506068488236,0.9961220335739603,1.042058646050042,2,12,4,52,28,2022,0,0,0.9749279121818236,-0.22252093395631434,-2.4492935982947064e-16,1.0,6.432490598706546e-16,1.0,0,75790.45377692471,431.89306509654784
2022-12-29,Compute,West,166.98163842753715,1,3,443.0,443.0,443.0,443.0,443.0,443.0,443.0,443.0,443.0,342.0,428.0,342.0,443.0,0.0,443.0,0.0,428.6333333333333,72.02513131004957,443.0,443.0,442.99995153015067,442.8447497563664,439.4597500392397,0.0,168.32824304396817,170.62992214205536,170.72201656722962,171.39166217845468,172.08499789718817,171.71292420249316,170.60933090638656,169.87533222490725,160.0,162.0,145.5,170.78272813396796,1.2256679236030668,170.94272027083554,1.045350085054833,165.08738245864,13.340360379343615,168.32824304396817,172.08499789718817,169.6098561133158,170.39547008987137,169.80137390025297,-0.013489305212077474,-2.2810878624183886,8.60933090638656,0.9856280192824743,1.019631176637675,3,12,4,52,29,2022,0,0,0.43388373911755823,-0.900968867902419,-2.4492935982947064e-16,1.0,6.432490598706546e-16,1.0,0,75485.19324981302,192.2104964290783
2022-12-30,Compute,West,166.58994838157025,1,3,443.0,443.0,443.0,443.0,443.0,443.0,443.0,443.0,443.0,443.0,269.0,387.0,443.0,0.0,443.0,0.0,432.0,70.17269338248123,443.0,443.0,442.9999757650753,442.8835623172748,439.93178336734104,0.0,166.98163842753715,168.32824304396817,170.62992214205536,170.72201656722962,171.39166217845468,172.08499789718817,171.71292420249316,170.54808427404177,176.0,161.0,163.0,170.26448635127514,1.895246936162409,170.7360278567377,1.4717489850852519,165.80343707289123,12.819075043625574,166.98163842753715,172.08499789718817,168.2957472704265,169.5420121742878,169.42540917055751,-0.00799987329564944,-4.731285774956007,10.712924202493156,0.9807191213223161,1.0071060067773019,4,12,4,52,30,2022,0,1,-0.433883739117558,-0.9009688679024191,-2.4492935982947064e-16,1.0,6.432490598706546e-16,1.0,0,75107.1113932095,-192.2104964290782
2022-12-31,Compute,West,166.53382080021552,1,3,443.0,443.0,443.0,443.0,443.0,443.0,443.0,443.0,443.0,443.0,525.0,428.0,443.0,0.0,443.0,0.0,433.8666666666667,69.67745063100959,443.0,443.0,442.99998788253765,442.9126717379561,440.34087891836225,0.0,166.58994838157025,166.98163842753715,168.32824304396817,170.62992214205536,170.72201656722962,171.39166217845468,172.08499789718817,170.3764954055378,175.99714061561366,115.0,162.0,169.53263266257196,2.2063073986671418,170.4533038644183,1.8437874526836777,165.92310201894358,12.808754567962389,166.58994838157025,172.08499789718817,167.44284782599837,168.8039962261084,169.04734773202588,-0.002345707286474319,-5.4950495156179215,57.084997897188174,0.9826423667383198,1.0040190024806284,5,12,4,52,31,2022,1,0,-0.9749279121818236,-0.2225209339563146,-2.4492935982947064e-16,1.0,6.432490598706546e-16,1.0,0,74780.17032816603,-431.89306509654784
2023-01-01,Compute,West,166.64469825097066,1,3,443.0,443.0,443.0,443.0,443.0,443.0,443.0,443.0,443.0,443.0,595.0,269.0,443.0,0.0,443.0,0.0,434.3666666666667,69.68771886724043,443.0,443.0,442.9999939412688,442.93450380346707,440.69542839591395,0.0,166.53382080021552,166.58994838157025,166.98163842753715,168.32824304396817,170.62992214205536,170.72201656722962,171.39166217845468,171.0478138116556,174.25497750237938,157.0,161.0,168.73960736300438,2.132402183732892,170.17882710689528,2.1212460290355972,166.07422937895078,12.787599970953947,166.53382080021552,171.39166217845468,166.98833431310695,168.23645236963517,168.71221080778452,-0.00033692057594114644,-4.857841378239158,14.39166217845468,0.9869278613113549,1.002767379503828,6,1,1,52,1,2023,1,0,-0.7818314824680299,0.6234898018587334,0.49999999999999994,0.8660254037844387,6.432490598706546e-16,1.0,0,74528.74839974838,-346.35134673333727
2023-01-02,Compute,West,165.66893703525972,1,3,443.0,443.0,443.0,443.0,443.0,443.0,443.0,443.0,443.0,443.0,314.0,525.0,443.0,0.0,443.0,0.0,440.1666666666667,62.299102408618545,443.0,443.0,442.9999969706344,442.9508778526003,441.0027046097921,0.0,166.64469825097066,166.53382080021552,166.58994838157025,166.98163842753715,168.32824304396817,170.62992214205536,170.72201656722962,171.59666025386485,172.030705426787,149.0,115.0,168.06146965907809,1.889399757606315,169.86431885256061,2.3012707859370427,166.26238598731646,12.75184127497522,166.53382080021552,170.72201656722962,166.8165162820388,167.83851383996904,168.436542466876,0.0006657953935265137,-4.077318316258953,21.722016567229616,0.9915699154449182,1.0022994452959668,0,1,1,1,2,2023,0,1,0.0,1.0,0.49999999999999994,0.8660254037844387,0.12053668025532305,0.992708874098054,0,74352.46163110629,0.0
2023-01-03,Compute,West,163.53757214684708,1,3,443.0,443.0,443.0,443.0,443.0,443.0,443.0,443.0,443.0,443.0,237.0,595.0,443.0,0.0,443.0,0.0,437.43333333333334,60.2126595311658,443.0,443.0,442.9999984853172,442.9631583894502,441.26901066181983,0.0,165.66893703525972,166.64469825097066,166.53382080021552,166.58994838157025,166.98163842753715,168.32824304396817,170.62992214205536,172.36609481542646,170.91533525153625,135.0,157.0,167.33960115451097,1.6541378522065844,169.4409100512317,2.495170499374927,167.95135055515846,8.309977688600274,165.66893703525972,170.62992214205536,166.24272665864925,167.2961196387917,168.06752840932717,-0.00585533908940461,-4.960985106795647,35.629922142055364,0.9900163195218508,0.9864102640510806,1,1,1,1,3,2023,0,0,0.7818314824680298,0.6234898018587336,0.49999999999999994,0.8660254037844387,0.12053668025532305,0.992708874098054,0,74112.18099998473,346.3513467333372
2023-01-04,Compute,West,161.7141597485697,1,3,443.0,443.0,443.0,443.0,443.0,443.0,443.0,443.0,443.0,443.0,560.0,314.0,443.0,0.0,443.0,0.0,432.3666666666667,52.3828633029552,443.0,443.0,442.9999992426586,442.97236879208765,441.49980924024385,0.0,163.53757214684708,165.66893703525972,166.64469825097066,166.53382080021552,166.58994838157025,166.98163842753715,168.32824304396817,171.90850606848824,169.72523117118595,173.0,149.0,166.32640829805268,1.4640313195654338,168.81030128919033,2.7964501457595476,168.16926962672002,8.095850034323023,163.53757214684708,168.32824304396817,164.89014940274816,166.35648276580554,167.4635342409965,-0.012865205309786076,-4.790670897121089,-4.671756956031828,0.9832327460024218,0.9724581163811207,2,1,1,1,4,2023,0,0,0.9749279121818236,-0.22252093395631434,0.49999999999999994,0.8660254037844387,0.12053668025532305,0.992708874098054,0,73695.92186525185,431.89306509654784
2023-01-05,Compute,West,160.09696415644862,1,3,443.0,443.0,443.0,443.0,443.0,443.0,443.0,443.0,443.0,443.0,342.0,237.0,443.0,0.0,443.0,0.0,436.6666666666667,47.387859156141445,443.0,443.0,442.99999962132927,442.9792765940657,441.699834674878,0.0,161.7141597485697,163.53757214684708,165.66893703525972,166.64469825097066,166.53382080021552,166.58994838157025,166.98163842753715,170.60933090638656,169.87533222490725,160.0,135.0,165.38153925585286,1.9948424337071184,168.0821336949104,3.222455987708843,168.59307495167235,7.356817299298704,161.7141597485697,166.98163842753715,163.30215457565893,165.19590201149657,166.69695097533958,-0.011149807193175598,-5.26747867896745,6.981638427537149,0.9778247287961549,0.9591981096241787,3,1,1,1,5,2023,0,0,0.43388373911755823,-0.900968867902419,0.49999999999999994,0.8660254037844387,0.12053668025532305,0.992708874098054,0,73181.78459109298,192.2104964290783
2023-01-06,Compute,West,158.822267817019,1,3,443.0,443.0,443.0,443.0,443.0,443.0,443.0,443.0,443.0,443.0,443.0,560.0,443.0,0.0,443.0,0.0,443.53333333333336,28.696669677415752,443.0,443.0,442.99999981066463,442.9844574455493,441.8731900515609,0.0,160.09696415644862,161.7141597485697,163.53757214684708,165.66893703525972,166.64469825097066,166.53382080021552,166.58994838157025,171.71292420249316,170.54808427404177,176.0,173.0,164.39801435998308,2.660562161410008,167.33125035562912,3.7670386192779515,169.42964042355393,4.1199850299203495,160.09696415644862,166.64469825097066,161.6995593660538,163.92116754773457,165.8169527328208,-0.010000333889348179,-6.492984225121631,-9.410051618429748,0.9738375722230197,0.9449170924951985,4,1,1,1,6,2023,0,1,-0.433883739117558,-0.9009688679024191,0.49999999999999994,0.8660254037844387,0.12053668025532305,0.992708874098054,0,72617.07722364641,-192.2104964290782
2023-01-07,Compute,West,159.26417035672,1,3,443.0,443.0,443.0,443.0,443.0,443.0,443.0,443.0,443.0,443.0,443.0,342.0,443.0,0.0,443.0,0.0,439.6333333333333,18.439992769340595,443.0,443.0,442.9999999053323,442.988343084162,442.0234313780195,0.0,158.822267817019,160.09696415644862,161.7141597485697,163.53757214684708,165.66893703525972,166.64469825097066,166.53382080021552,172.08499789718817,170.3764954055378,175.99714061561366,160.0,163.28834570790437,3.1658692651176885,166.4104891852381,4.167752038894242,168.95704935078794,4.492609406889426,158.822267817019,166.64469825097066,160.2609135915364,162.64644261505566,164.8843280773806,-0.007962026926281895,-7.711552983196526,-9.463319815398137,0.9726491266466526,0.9400156281568177,5,1,1,1,7,2023,1,0,-0.9749279121818236,-0.2225209339563146,0.49999999999999994,0.8660254037844387,0.12053668025532305,0.992708874098054,0,72052.37407846966,-431.89306509654784
2023-01-08,Compute,West,159.36415505178223,1,3,443.0,443.0,443.0,443.0,443.0,443.0,443.0,443.0,443.0,443.0,443.0,443.0,443.0,0.0,443.0,0.0,443.0,0.0,443.0,443.0,442.99999995266614,442.99125731312154,442.1536405276169,0.0,159.26417035672,158.822267817019,160.09696415644862,161.7141597485697,163.53757214684708,165.66893703525972,166.64469825097066,171.39166217845468,171.0478138116556,174.25497750237938,176.0,162.2498242159764,3.1157545817130323,165.49471578949039,4.233028490827064,168.93252169601192,4.544901505510656,158.822267817019,166.64469825097066,159.7625419741282,161.80087455047175,164.13497371462586,0.0027823714254611165,-7.380527894250662,-7.610279251408713,0.9815984093956214,0.9427679632968616,6,1,1,1,8,2023,1,0,-0.7818314824680299,0.6234898018587334,0.49999999999999994,0.8660254037844387,0.12053668025532305,0.992708874098054,0,71677.78742585899,-346.35134673333727
2022-12-29,Storage,East,172.9084441892512,2,0,265.0,265.0,213.0,300.0,547.0,463.0,371.0,499.0,578.0,344.0,569.0,469.0,379.7142857142857,126.84204650629366,405.0,126.19520897891,408.43333333333334,121.04364654047767,213.0,547.0,285.0492163751153,343.48902113668044,379.1526715929775,0.244131455399061,174.0,146.0,102.0,108.0,156.0,111.0,127.0,139.0,158.5,181.0,109.0,132.0,27.31910198621714,151.57142857142858,33.63769471135775,149.51666666666668,28.551370319591264,102.0,174.0,151.81067017763007,143.18513503247254,145.43840207740834,0.19178082191780832,47.0,-54.0,1.3181818081955925,1.1637498528787211,3,12,4,52,29,2022,0,0,0.43388373911755823,-0.900968867902419,-2.4492935982947064e-16,1.0,6.432490598706546e-16,1.0,0,37944.06078360522,114.97919086615293
2022-12-30,Storage,East,171.97720058045942,2,0,265.0,265.0,265.0,213.0,300.0,547.0,463.0,371.0,470.0,346.0,441.0,200.0,346.2857142857143,120.8590284666593,382.64285714285717,120.7990111669011,401.6333333333333,123.23414308943971,213.0,547.0,275.02460818755765,323.8667658525103,363.9323153805805,0.0,172.9084441892512,174.0,146.0,102.0,108.0,156.0,111.0,189.0,194.0,147.0,118.0,138.55834916989303,31.159314281996604,153.99346029923223,33.8827488019748,151.6469481396417,27.79833390562622,102.0,174.0,162.35955718344064,150.6159623216672,149.1010743589874,-0.006273309257176951,61.90844418925121,-36.0,1.2479106742916604,1.1402039089492741,4,12,4,52,30,2022,0,1,-0.433883739117558,-0.9009688679024191,-2.4492935982947064e-16,1.0,6.432490598706546e-16,1.0,0,39913.23001524181,-114.97919086615288
2022-12-31,Storage,East,169.42411968320403,2,0,265.0,265.0,265.0,265.0,213.0,300.0,547.0,463.0,497.0,503.0,384.0,569.0,331.14285714285717,123.8499476132692,368.0,121.81574989744522,403.8,120.09835050117653,213.0,547.0,270.0123040937788,309.1500743893827,350.7413399965031,0.0,171.97720058045942,172.9084441892512,174.0,146.0,102.0,108.0,156.0,175.0,145.0,153.0,181.0,147.26937782424437,30.690932641033367,152.77754605497935,32.81860107094562,153.44618815899037,27.287585768870734,102.0,174.0,167.16837888195005,155.95627188636527,152.15122452185034,-0.005385761309450676,15.977200580459424,3.0,1.167772974622933,1.1207655369158012,5,12,4,52,31,2022,1,0,-0.9749279121818236,-0.2225209339563146,-2.4492935982947064e-16,1.0,6.432490598706546e-16,1.0,0,41328.4120498868,-258.35589672818327
2023-01-01,Storage,East,169.2167322991514,2,0,265.0,265.0,265.0,265.0,265.0,213.0,300.0,547.0,225.0,419.0,583.0,441.0,302.85714285714283,110.62011355901569,351.42857142857144,118.65639746486768,393.6666666666667,118.4932220768805,213.0,547.0,267.5061520468894,298.112555792037,339.3091613303027,0.0,169.42411968320403,171.97720058045942,172.9084441892512,174.0,146.0,102.0,108.0,195.0,185.0,127.0,147.0,149.18710920755925,31.72923217347628,152.3792688894939,32.56099329862937,153.06032548176384,26.96445477901911,102.0,174.0,168.29624928257704,159.32323383557497,154.45427721003085,-0.014845461425341377,61.424119683204026,-19.0,1.1356485117748423,1.1069107428265537,6,1,1,52,1,2023,1,0,-0.7818314824680299,0.6234898018587334,0.49999999999999994,0.8660254037844387,6.432490598706546e-16,1.0,0,42220.65696642736,-207.18534285402794
2023-01-02,Storage,East,169.01328013372432,2,0,265.0,265.0,265.0,265.0,265.0,265.0,213.0,300.0,271.0,515.0,207.0,384.0,262.57142857142856,25.454908779101547,354.2857142857143,115.82575014047782,387.8,120.4103329281257,213.0,300.0,266.2530760234447,289.83441684402777,329.401273152929,0.0,169.2167322991514,169.42411968320403,171.97720058045942,172.9084441892512,174.0,146.0,102.0,191.0,131.0,136.0,153.0,157.9323566788666,26.488731594413096,150.53760691086185,30.637241151129448,153.8008832250689,27.09702998582748,102.0,174.0,168.75649079086423,161.79660845146907,156.42260455524692,-0.001224072371988183,67.2167322991514,-34.0,1.0714506817103941,1.1002325061507663,0,1,1,1,2,2023,0,1,0.0,1.0,0.49999999999999994,0.8660254037844387,0.12053668025532305,0.992708874098054,0,42876.101239639305,0.0
2023-01-03,Storage,East,168.52077570285655,2,0,265.0,265.0,265.0,265.0,265.0,265.0,265.0,213.0,492.0,309.0,285.0,583.0,257.57142857142856,19.654152596479815,353.85714285714283,116.16821830885992,383.8333333333333,122.48211222905962,213.0,265.0,265.62653801172235,283.6258126330208,320.81443673253847,0.0,169.01328013372432,169.2167322991514,169.42411968320403,171.97720058045942,172.9084441892512,174.0,146.0,186.0,161.0,145.0,127.0,167.50568241225577,9.684487515804296,148.9671269204136,28.918908683146903,154.33465922952638,27.23806292710714,146.0,174.0,168.88488546229428,163.6007763720329,158.1013612990439,-0.001202317067956371,23.013280133724322,1.0,1.0090002720549973,1.0951090304819924,1,1,1,1,3,2023,0,0,0.7818314824680298,0.6234898018587336,0.49999999999999994,0.8660254037844387,0.12053668025532305,0.992708874098054,0,43354.20573858872,207.1853428540279
2023-01-04,Storage,East,167.20369825164747,2,0,265.0,265.0,265.0,265.0,265.0,265.0,265.0,265.0,479.0,499.0,510.0,207.0,265.0,0.0,337.64285714285717,111.13651144346835,373.23333333333335,118.34161052482426,265.0,265.0,265.3132690058612,278.9693594747656,313.37251183486666,0.0,168.52077570285655,169.01328013372432,169.2167322991514,169.42411968320403,171.97720058045942,172.9084441892512,174.0,123.0,150.0,123.0,136.0,170.72293608409242,2.1915284130718127,147.71861089918906,27.541620299130603,155.71868508628822,26.853399301190006,168.52077570285655,174.0,168.70283058257542,164.8307762047388,159.49061655288557,-0.00291399841762785,-5.479224297143446,51.0,0.9871009635913706,1.0822129311409314,2,1,1,1,4,2023,0,0,0.9749279121818236,-0.22252093395631434,0.49999999999999994,0.8660254037844387,0.12053668025532305,0.992708874098054,0,43680.15569425579,258.35589672818327
2023-01-05,Storage,East,166.9212035472497,2,0,265.0,265.0,265.0,265.0,265.0,265.0,265.0,265.0,499.0,578.0,344.0,285.0,265.0,0.0,322.35714285714283,104.73086911247776,375.1666666666667,115.98248480528943,265.0,265.0,265.1566345029306,275.47701960607424,306.9228435902178,0.0,167.20369825164747,168.52077570285655,169.01328013372432,169.2167322991514,169.42411968320403,171.97720058045942,172.9084441892512,127.0,139.0,158.5,145.0,169.75203583432776,1.9943309930577091,150.87601791716386,27.018684233730543,156.75880836134314,26.666956086009968,167.20369825164747,172.9084441892512,167.95326441711143,165.42400671646598,160.51902744605383,-0.00781551975248096,-5.704745937603747,14.408444189251213,0.9849878762564281,1.0666303152777075,3,1,1,1,5,2023,0,0,0.43388373911755823,-0.900968867902419,0.49999999999999994,0.8660254037844387,0.12053668025532305,0.992708874098054,0,43837.36177986349,114.97919086615293
2023-01-06,Storage,East,166.11741838539834,2,0,265.0,265.0,265.0,265.0,265.0,265.0,265.0,265.0,371.0,470.0,346.0,510.0,265.0,0.0,305.64285714285717,92.30685210240323,374.5,116.57460242709165,265.0,265.0,265.0783172514653,272.8577647045557,301.33313111152205,0.0,166.9212035472497,167.20369825164747,168.52077570285655,169.01328013372432,169.2167322991514,169.42411968320403,171.97720058045942,111.0,189.0,194.0,123.0,168.89671574261325,1.6730126109667642,153.72753245625316,26.404645174631924,157.48951514625148,26.633953304118354,166.9212035472497,171.97720058045942,167.43723398218054,165.7983059241619,161.37265092621328,-0.001689524259042452,-5.055997033209735,-22.022799419540576,0.9883034245220166,1.059887715905099,4,1,1,1,6,2023,0,1,-0.433883739117558,-0.9009688679024191,0.49999999999999994,0.8660254037844387,0.12053668025532305,0.992708874098054,0,43936.551069902904,-114.97919086615288
2023-01-07,Storage,East,164.77473529883173,2,0,265.0,265.0,265.0,265.0,265.0,265.0,265.0,265.0,463.0,497.0,503.0,344.0,265.0,0.0,298.07142857142856,90.86969900798725,366.3333333333333,115.32991158301964,265.0,265.0,265.0391586257326,270.8933235284168,296.48871362998574,0.0,166.11741838539834,166.9212035472497,167.20369825164747,168.52077570285655,169.01328013372432,169.2167322991514,169.42411968320403,156.0,175.0,145.0,158.5,168.0596040004617,1.2989509652285065,157.66449091235305,23.492291674444136,158.92676242576474,25.860767954420623,166.11741838539834,169.42411968320403,166.77732618378946,165.878084039471,162.00528658743798,-0.004815356855630504,-3.306701297805688,24.424119683204026,0.9884434655486783,1.0452450852495487,5,1,1,1,7,2023,1,0,-0.9749279121818236,-0.2225209339563146,0.49999999999999994,0.8660254037844387,0.12053668025532305,0.992708874098054,0,43957.69227045981,-258.35589672818327
2023-01-08,Storage,East,162.933058348661,2,0,265.0,265.0,265.0,265.0,265.0,265.0,265.0,265.0,547.0,225.0,419.0,346.0,265.0,0.0,283.92857142857144,77.6763148592278,363.7,116.7505888636113,265.0,265.0,265.0195793128663,269.4199926463126,292.29021847932097,0.0,164.77473529883173,166.11741838539834,166.9212035472497,167.20369825164747,168.52077570285655,169.01328013372432,169.2167322991514,108.0,195.0,185.0,194.0,167.39540623126564,1.631154512539697,158.29125771941244,23.561419439308224,159.13592026905917,25.88256270091228,164.77473529883173,169.2167322991514,165.7760307413106,165.60224685431118,162.37454641562383,-0.008082735089534943,-4.441997000319674,-15.783267700848597,0.9843444215359307,1.0354339484435995,6,1,1,1,8,2023,1,0,-0.7818314824680299,0.6234898018587334,0.49999999999999994,0.8660254037844387,0.12053668025532305,0.992708874098054,0,43884.59541639246,-207.18534285402794
2023-01-09,Storage,East,161.88598625065057,2,0,265.0,265.0,265.0,265.0,265.0,265.0,265.0,265.0,300.0,271.0,515.0,503.0,265.0,0.0,263.7857142857143,17.33905583193206,361.0,118.10281902676569,265.0,265.0,265.00978965643316,268.3149944847345,288.65152268207817,0.0,162.933058348661,164.77473529883173,166.11741838539834,166.9212035472497,167.20369825164747,168.52077570285655,169.01328013372432,102.0,191.0,131.0,145.0,166.49773852405272,2.118122559189598,162.21504760145964,18.592008724755697,158.10035554734785,25.04757327384994,162.933058348661,169.01328013372432,164.3545445449858,164.93494972789864,162.44901467336211,-0.011176937695155154,-6.080221785063316,38.01328013372432,0.9785902127825781,1.0305673048869177,0,1,1,2,9,2023,0,1,0.0,1.0,0.49999999999999994,0.8660254037844387,0.23931566428755774,0.970941817426052,0,43707.76167789314,0.0
2023-01-10,Storage,East,162.10467693532885,2,0,265.0,265.0,265.0,265.0,265.0,265.0,265.0,265.0,213.0,492.0,309.0,419.0,265.0,0.0,261.2857142857143,13.897584579446068,353.06666666666666,116.21381404425483,265.0,265.0,265.0048948282166,267.48624586355083,285.4979863244678,0.0,161.88598625065057,162.933058348661,164.77473529883173,166.11741838539834,166.9212035472497,167.20369825164747,168.52077570285655,146.0,186.0,161.0,185.0,165.4795536836136,2.4014601777053644,166.4926180479347,6.859614523038479,158.66322175570286,24.932497844115023,161.88598625065057,168.52077570285655,163.12026539781817,164.17270885858662,162.3739442170006,-0.006426394426168547,-6.634789452205979,7.520775702856554,0.9782839128384548,1.020311975509976,1,1,1,2,10,2023,0,0,0.7818314824680298,0.6234898018587336,0.49999999999999994,0.8660254037844387,0.23931566428755774,0.970941817426052,0,43505.76784752545,207.1853428540279
2023-01-11,Storage,East,161.75246895739022,2,0,265.0,265.0,265.0,265.0,265.0,265.0,265.0,265.0,265.0,479.0,499.0,515.0,265.0,0.0,265.0,0.0,347.93333333333334,116.60157133067123,265.0,265.0,265.0024474141083,266.86468439766315,282.7649214812054,0.0,162.10467693532885,161.88598625065057,162.933058348661,164.77473529883173,166.11741838539834,166.9212035472497,167.20369825164747,174.0,123.0,150.0,131.0,164.5629681453954,2.2679625314481946,167.64295211474388,3.8479457306298053,157.90004432021382,24.44416476816312,161.88598625065057,167.20369825164747,162.61247116657353,163.65570087777218,162.33804191277773,0.0013508932412449326,-5.099021316318613,17.203698251647467,0.9850616926588474,1.026628438304677,2,1,1,2,11,2023,0,0,0.9749279121818236,-0.22252093395631434,0.49999999999999994,0.8660254037844387,0.23931566428755774,0.970941817426052,0,43368.760732609626,258.35589672818327
2023-01-12,Storage,East,161.82485307787047,2,0,265.0,265.0,265.0,265.0,265.0,265.0,265.0,265.0,265.0,499.0,578.0,309.0,265.0,0.0,265.0,0.0,339.6,113.13178156468678,265.0,265.0,265.0012237070541,266.3985132982474,280.3962652837114,0.0,161.75246895739022,162.10467693532885,161.88598625065057,162.933058348661,164.77473529883173,166.11741838539834,166.9212035472497,172.9084441892512,127.0,139.0,161.0,163.78422110335865,2.142515879663517,166.76812846884323,3.680073439359061,158.92512661879348,23.916307756763047,161.75246895739022,166.9212035472497,162.18247006198186,163.1798928976767,162.25996551872606,-0.002172719409441526,-5.1687345898594685,27.92120354724969,0.9875949397330455,1.0177903984156524,3,1,1,2,12,2023,0,0,0.43388373911755823,-0.900968867902419,0.49999999999999994,0.8660254037844387,0.23931566428755774,0.970941817426052,0,43242.67161788433,114.97919086615293
2023-01-13,Storage,East,161.35987935092237,2,0,265.0,265.0,265.0,265.0,265.0,265.0,265.0,265.0,265.0,371.0,470.0,499.0,265.0,0.0,265.0,0.0,338.1333333333333,113.82525425294301,265.0,265.0,265.00061185352706,266.0488849736855,278.3434299125499,0.0,161.82485307787047,161.75246895739022,162.10467693532885,161.88598625065057,162.933058348661,164.77473529883173,166.11741838539834,171.97720058045942,111.0,189.0,150.0,163.05617103630445,1.7238673417988375,165.97644338945886,3.4420030783052673,158.95262172138916,23.919249324614704,161.75246895739022,166.11741838539834,162.00366156992618,162.84113294272512,162.20195052661197,0.00044749932379284374,-4.292565307527866,-22.882581614601662,0.9924484983116136,1.0180697261064746,4,1,1,2,13,2023,0,1,-0.433883739117558,-0.9009688679024191,0.49999999999999994,0.8660254037844387,0.23931566428755774,0.970941817426052,0,43152.90022982216,-114.97919086615288
2023-01-14,Storage,East,161.67893579206284,2,0,265.0,265.0,265.0,265.0,265.0,265.0,265.0,265.0,265.0,463.0,497.0,578.0,265.0,0.0,265.0,0.0,330.3333333333333,110.38719732529371,265.0,265.0,265.00030592676353,265.78666373026414,276.5643059242099,0.0,161.35987935092237,161.82485307787047,161.75246895739022,162.10467693532885,161.88598625065057,162.933058348661,164.77473529883173,169.42411968320403,156.0,175.0,139.0,162.37652260280788,1.1621121482172927,165.2180633016348,3.1776578110526246,159.3312843664199,23.862485383016608,161.35987935092237,164.77473529883173,161.68177046042427,162.47081954477443,162.08967436985336,-0.0028733146862450765,-3.414855947909359,-10.225264701168271,0.9937389702074646,1.0127319250568854,5,1,1,2,14,2023,1,0,-0.9749279121818236,-0.2225209339563146,0.49999999999999994,0.8660254037844387,0.23931566428755774,0.970941817426052,0,43054.767179365226,-258.35589672818327
2023-01-15,Storage,East,162.93437058694482,2,0,265.0,265.0,265.0,265.0,265.0,265.0,265.0,265.0,265.0,547.0,225.0,470.0,265.0,0.0,265.0,0.0,319.9,100.52254850838538,265.0,265.0,265.00015296338177,265.5899977976981,275.0223984676486,0.0,161.67893579206284,161.35987935092237,161.82485307787047,161.75246895739022,162.10467693532885,161.88598625065057,162.933058348661,169.2167322991514,108.0,195.0,189.0,161.93426553041235,0.4948218310283625,164.664835880839,3.061137097302409,160.087248892822,23.553412464716267,161.35987935092237,162.933058348661,161.68035312624357,162.27284860659654,162.03490922614796,0.0019772972217375617,-1.254122556598162,-32.06694165133899,0.9984232445434793,1.0099426150446489,6,1,1,2,15,2023,1,0,-0.7818314824680299,0.6234898018587334,0.49999999999999994,0.8660254037844387,0.23931566428755774,0.970941817426052,0,43002.30488074808,-207.18534285402794
2023-01-16,Storage,East,163.79020178737187,2,0,265.0,265.0,265.0,265.0,265.0,265.0,265.0,265.0,265.0,300.0,271.0,497.0,265.0,0.0,265.0,0.0,313.06666666666666,96.86853278375884,265.0,265.0,265.0000764816909,265.4424983482736,273.68607867196215,0.0,162.93437058694482,161.67893579206284,161.35987935092237,161.82485307787047,161.75246895739022,162.10467693532885,161.88598625065057,169.01328013372432,102.0,191.0,175.0,161.93445299302428,0.4952633392271696,164.21609575853853,2.7910969119892726,159.2183945790535,22.922392014297973,161.35987935092237,162.93437058694482,162.30736185659418,162.43822910168362,162.15483740758756,0.007764986754345005,1.048384336294248,-29.114013749349425,1.0061748230179823,1.0233388547496467,0,1,1,3,16,2023,0,1,0.0,1.0,0.49999999999999994,0.8660254037844387,0.3546048870425356,0.9350162426854148,0,43046.130711946156,0.0
2023-01-17,Storage,East,164.26992573910175,2,0,265.0,265.0,265.0,265.0,265.0,265.0,265.0,265.0,265.0,213.0,492.0,225.0,265.0,0.0,265.0,0.0,305.3333333333333,90.74531747521831,265.0,265.0,265.00003824084547,265.3318737612052,272.52793484903384,0.0,163.79020178737187,162.93437058694482,161.67893579206284,161.35987935092237,161.82485307787047,161.75246895739022,162.10467693532885,168.52077570285655,146.0,186.0,195.0,162.2064837839845,0.8558781022131423,163.84301873379906,2.4257066036870056,158.8447346386326,22.74695835143279,161.35987935092237,163.79020178737187,163.04878182198303,162.77622227310567,162.3728859915588,0.005252613045019672,1.6855248520430166,-23.895323064671146,1.0097635862431544,1.0311339631675933,1,1,1,3,17,2023,0,0,0.7818314824680298,0.6234898018587336,0.49999999999999994,0.8660254037844387,0.3546048870425356,0.9350162426854148,0,43135.698902373006,207.1853428540279
2023-01-18,Storage,East,164.2402653682386,2,0,265.0,265.0,265.0,265.0,265.0,265.0,265.0,265.0,265.0,265.0,479.0,271.0,265.0,0.0,265.0,0.0,306.6666666666667,89.81334411772673,265.0,265.0,265.00001912042273,265.2489053209039,271.524210202496,0.0,164.26992573910175,163.79020178737187,162.93437058694482,161.67893579206284,161.35987935092237,161.82485307787047,161.75246895739022,167.20369825164747,174.0,123.0,191.0,162.51580504166637,1.1527383730069036,163.53938659353088,2.0286946828398795,157.82039882993595,21.73194921408942,161.35987935092237,164.26992573910175,163.6593537805424,163.1496481396047,162.62582462456456,0.002928892854974663,2.5174567817115303,38.75246895739022,1.010793532888645,1.0408662372932502,2,1,1,3,18,2023,0,0,0.9749279121818236,-0.22252093395631434,0.49999999999999994,0.8660254037844387,0.3546048870425356,0.9350162426854148,0,43234.656756995246,258.35589672818327
2023-01-19,Storage,East,164.20168081846072,2,0,265.0,265.0,265.0,265.0,265.0,265.0,265.0,265.0,265.0,265.0,499.0,492.0,265.0,0.0,265.0,0.0,306.46666666666664,89.90214348000191,265.0,265.0,265.00000956021137,265.18667899067793,270.6543155088299,0.0,164.2402653682386,164.26992573910175,163.79020178737187,162.93437058694482,161.67893579206284,161.35987935092237,161.82485307787047,166.9212035472497,172.9084441892512,127.0,186.0,162.87120452893038,1.2569642272254258,163.3277128161445,1.752791128171138,156.92840767554392,20.854595283442087,161.35987935092237,164.26992573910175,163.94980957439049,163.42230244676318,162.84108339038778,-0.0001805587403154174,2.415412290368124,34.82485307787047,1.0084057819481482,1.0465935820952104,3,1,1,3,19,2023,0,0,0.43388373911755823,-0.900968867902419,0.49999999999999994,0.8660254037844387,0.3546048870425356,0.9350162426854148,0,43306.91014839224,114.97919086615293
2023-01-20,Storage,East,164.78517545094806,2,0,265.0,265.0,265.0,265.0,265.0,265.0,265.0,265.0,265.0,265.0,371.0,479.0,265.0,0.0,265.0,0.0,298.9,83.03898129067517,265.0,265.0,265.00000478010566,265.1400092430084,269.9004067743192,0.0,164.20168081846072,164.2402653682386,164.26992573910175,163.79020178737187,162.93437058694482,161.67893579206284,161.35987935092237,166.11741838539834,171.97720058045942,111.0,123.0,163.2107513490147,1.248200431808933,163.13346119265958,1.448127978202925,156.20179703615926,20.175449676604547,161.35987935092237,164.26992573910175,164.0757451964256,163.61714703968755,163.02249638079752,-0.00023492746855569013,2.841801467538346,50.35987935092237,1.0060714656061813,1.0512150492688281,4,1,1,3,20,2023,0,1,-0.433883739117558,-0.9009688679024191,0.49999999999999994,0.8660254037844387,0.3546048870425356,0.9350162426854148,0,43358.5439655172,-114.97919086615288
2023-01-21,Storage,East,164.75896725269092,2,0,265.0,265.0,265.0,265.0,265.0,265.0,265.0,265.0,265.0,265.0,463.0,499.0,265.0,0.0,265.0,0.0,291.76666666666665,75.92086775662895,265.0,265.0,265.0000023900528,265.1050069322563,269.24701920441,0.0,164.78517545094806,164.20168081846072,164.2402653682386,164.26992573910175,163.79020178737187,162.93437058694482,161.67893579206284,164.77473529883173,169.42411968320403,156.0,127.0,163.70007936330413,1.0586954762234198,163.038300983056,1.26974719719969,157.59463621785753,19.22420291064671,161.67893579206284,164.78517545094806,164.43046032368682,163.90915414250267,163.2575202568176,0.003553524114850326,3.1062396588852152,5.678935792062845,1.0066285556197392,1.0456267951754628,5,1,1,3,21,2023,1,0,-0.9749279121818236,-0.2225209339563146,0.49999999999999994,0.8660254037844387,0.3546048870425356,0.9350162426854148,0,43435.92584776321,-258.35589672818327
2023-01-22,Storage,East,164.42370058174635,2,0,265.0,265.0,265.0,265.0,265.0,265.0,265.0,265.0,265.0,265.0,547.0,371.0,265.0,0.0,265.0,0.0,283.96666666666664,65.15259718184863,265.0,265.0,265.0000011950264,265.0787551991922,268.6807499771553,0.0,164.75896725269092,164.78517545094806,164.20168081846072,164.2402653682386,164.26992573910175,163.79020178737187,162.93437058694482,162.933058348661,169.2167322991514,108.0,111.0,164.1400838576795,0.6332470830939209,163.03717469404594,1.2680943850285706,158.8532684596139,18.3691087851089,162.93437058694482,164.78517545094806,164.59471378818887,164.12160742004974,163.45771318960072,-0.0001590446360567599,1.8245966657460997,54.93437058694482,1.0037704525104152,1.037177061656754,6,1,1,3,22,2023,1,0,-0.7818314824680299,0.6234898018587334,0.49999999999999994,0.8660254037844387,0.3546048870425356,0.9350162426854148,0,43492.225966313184,-207.18534285402794
2023-01-23,Storage,East,164.83257911901075,2,0,265.0,265.0,265.0,265.0,265.0,265.0,265.0,265.0,265.0,265.0,300.0,463.0,265.0,0.0,265.0,0.0,280.43333333333334,63.11220622599598,265.0,265.0,265.00000059751324,265.05906639939417,268.1899833135346,0.0,164.42370058174635,164.75896725269092,164.78517545094806,164.20168081846072,164.2402653682386,164.26992573910175,163.79020178737187,161.88598625065057,169.01328013372432,102.0,156.0,164.3528452855083,0.3454063279250817,163.14364913926633,1.3201900306258398,160.6340584790055,16.007819843568537,163.79020178737187,164.78517545094806,164.5092071849676,164.1971307104739,163.58651150855349,-0.0020348917969993385,0.633498794374475,61.79020178737187,1.0004311108559383,1.0235917657502527,0,1,1,4,23,2023,0,1,0.0,1.0,0.49999999999999994,0.8660254037844387,0.4647231720437685,0.8854560256532099,0,43512.23963827559,0.0
2023-01-24,Storage,East,165.5473354025018,2,0,265.0,265.0,265.0,265.0,265.0,265.0,265.0,265.0,265.0,265.0,213.0,547.0,265.0,0.0,265.0,0.0,273.8333333333333,52.88639961623231,265.0,265.0,265.0000002987566,265.0442997995456,267.7646522050633,0.0,164.83257911901075,164.42370058174635,164.75896725269092,164.78517545094806,164.20168081846072,164.2402653682386,164.26992573910175,162.10467693532885,168.52077570285655,146.0,108.0,164.50175633288532,0.2811252784256724,163.35412005843492,1.3390099312031603,160.9284777829725,16.000874096771764,164.20168081846072,164.83257911901075,164.67089315198916,164.35599281260812,163.75265385661447,0.0024867372271621946,0.5626533799089941,18.26992573910175,1.0020110532038633,1.0242598473903635,1,1,1,4,24,2023,0,0,0.7818314824680298,0.6234898018587336,0.49999999999999994,0.8660254037844387,0.4647231720437685,0.8854560256532099,0,43554.338095341154,207.1853428540279
2023-01-25,Storage,East,166.72977194667237,2,0,265.0,265.0,265.0,265.0,265.0,265.0,265.0,265.0,265.0,265.0,265.0,300.0,265.0,0.0,265.0,0.0,264.43333333333334,11.62542793675328,265.0,265.0,265.0000001493783,265.03322484965923,267.3960319110549,0.0,165.5473354025018,164.83257911901075,164.42370058174635,164.75896725269092,164.78517545094806,164.20168081846072,164.2402653682386,161.75246895739022,167.20369825164747,174.0,102.0,164.68424342765675,0.46198266946547906,163.60002423466153,1.406327461575626,162.84672229638923,12.504249496775609,164.20168081846072,165.5473354025018,165.10911427724548,164.65382846008154,163.99194472939945,0.0043362561412996214,1.3070700342632051,-9.759734631761404,1.0052408837156501,1.0165837669401387,2,1,1,4,25,2023,0,0,0.9749279121818236,-0.22252093395631434,0.49999999999999994,0.8660254037844387,0.4647231720437685,0.8854560256532099,0,43633.264541921606,258.35589672818327
2023-01-26,Storage,East,167.22013471360032,2,0,265.0,265.0,265.0,265.0,265.0,265.0,265.0,265.0,265.0,265.0,265.0,213.0,265.0,0.0,265.0,0.0,263.26666666666665,9.493857663422876,265.0,265.0,265.0000000746892,265.0249186372444,267.0765609895809,0.0,166.72977194667237,165.5473354025018,164.83257911901075,164.42370058174635,164.75896725269092,164.78517545094806,164.20168081846072,161.82485307787047,166.9212035472497,172.9084441892512,146.0,165.03988722457584,0.8546208471373907,163.95554587675312,1.5272690908357587,165.0043813612783,4.9390111044778,164.20168081846072,166.72977194667237,165.9194431119589,165.17281433172926,164.3569883583692,0.007142588802747429,2.5280911282116563,-8.706763370790497,1.0102392442231727,1.0104566288525376,3,1,1,4,26,2023,0,0,0.43388373911755823,-0.900968867902419,0.49999999999999994,0.8660254037844387,0.4647231720437685,0.8854560256532099,0,43770.79579790825,114.97919086615293
2023-01-27,Storage,East,166.96661053320403,2,0,265.0,265.0,265.0,265.0,265.0,265.0,265.0,265.0,265.0,265.0,265.0,265.0,265.0,0.0,265.0,0.0,265.0,0.0,265.0,265.0,265.0000000373446,265.0186889779333,266.79968619097014,0.0,167.22013471360032,166.72977194667237,165.5473354025018,164.83257911901075,164.42370058174635,164.75896725269092,164.78517545094806,161.35987935092237,166.11741838539834,171.97720058045942,174.0,165.4710949238815,1.090226989265131,164.34092313644808,1.625792848098958,165.71171918506496,3.404633445757476,164.42370058174635,167.22013471360032,166.56978891277961,165.68464442719704,164.73874120573333,0.0029410630219346423,2.4349592626522565,-7.192025129511364,1.0105700562382411,1.009102642389149,4,1,1,4,27,2023,0,1,-0.433883739117558,-0.9009688679024191,0.49999999999999994,0.8660254037844387,0.4647231720437685,0.8854560256532099,0,43906.43077320722,-114.97919086615288
2022-12-27,Storage,North,142.85594579736753,2,1,598.0,598.0,404.5,211.0,522.0,479.0,436.0,357.0,354.0,476.0,428.0,271.5,429.64285714285717,124.54206594751908,434.10714285714283,105.9285278948878,413.73333333333335,113.21405657145222,211.0,598.0,487.45983137164393,449.6958282232638,436.55284770033074,0.47836835599505556,144.0,144.0,191.0,144.0,126.0,139.0,186.0,161.0,161.0,191.0,155.0,153.42857142857142,24.83181523004405,155.42857142857142,24.659884227422683,157.43333333333334,24.289466048465126,126.0,191.0,149.6522174148413,152.51184772519647,154.15775798820397,0.0,-42.0,-5.0,0.9385474799163573,0.9146728715985208,1,12,4,52,27,2022,0,0,0.7818314824680298,0.6234898018587336,-2.4492935982947064e-16,1.0,6.432490598706546e-16,1.0,0,91202.08493966749,467.53522651588185
2022-12-28,Storage,North,141.99606021928838,2,1,598.0,598.0,598.0,404.5,211.0,522.0,479.0,436.0,490.0,226.0,453.6666666666667,213.0,464.07142857142856,134.0610646221305,451.5357142857143,111.65270059183769,424.6166666666667,114.75246681377591,211.0,598.0,542.729915685822,486.77187116744784,458.07913467362,0.0,142.85594579736753,144.0,144.0,191.0,144.0,126.0,139.0,167.0,195.0,153.0,166.0,147.26513511390962,20.34977931425777,154.13256755695483,24.820809981624777,157.02853152657892,24.43219318274258,126.0,191.0,146.25408160610442,150.09787224323924,152.65084969609245,-0.00794482085161441,3.855945797367525,-14.0,0.970059510126473,0.9097451494885969,2,12,4,52,28,2022,0,0,0.9749279121818236,-0.22252093395631434,-2.4492935982947064e-16,1.0,6.432490598706546e-16,1.0,0,89758.52760145707,583.0068914847305
2022-12-29,Storage,North,140.79784977347876,2,1,598.0,598.0,598.0,598.0,404.5,211.0,522.0,479.0,366.0,238.0,479.3333333333333,428.0,487.2142857142857,142.14659602644295,459.25,118.06170974406693,437.45,111.75944978773936,211.0,598.0,570.364957842911,514.5789033755859,476.7352500504707,0.0,141.99606021928838,142.85594579736753,144.0,144.0,191.0,144.0,126.0,109.0,191.0,145.0,191.0,147.69314371666513,20.177749548614507,152.34657185833254,24.723098775242168,156.22840020055523,24.521146040267123,126.0,191.0,144.1250709126964,148.07241923725152,151.23021109918525,-0.006019249484364053,15.996060219288381,-19.0,0.9614262089936128,0.908900424814587,3,12,4,52,29,2022,0,0,0.43388373911755823,-0.900968867902419,-2.4492935982947064e-16,1.0,6.432490598706546e-16,1.0,0,88547.30670387641,259.4624759922998
2022-12-30,Storage,North,139.5866049161973,2,1,598.0,598.0,598.0,598.0,598.0,404.5,211.0,522.0,501.0,561.0,505.0,453.6666666666667,504.2142857142857,147.99601828620737,475.82142857142856,120.228245616228,443.1166666666667,115.51066983938452,211.0,598.0,584.1824789214555,535.4341775316894,492.90388337707464,0.0,140.79784977347876,141.99606021928838,142.85594579736753,144.0,144.0,191.0,144.0,198.0,122.0,137.0,153.0,149.8071222557335,18.204943094689238,154.61784684215246,21.711813513967257,154.5549951930045,23.767799642116536,140.79784977347876,191.0,142.4614603430876,146.25377687130833,149.83922958909108,-0.008438335852129941,-3.2021502265212405,7.0,0.9398608471582813,0.910988665792815,4,12,4,52,30,2022,0,1,-0.433883739117558,-0.9009688679024191,-2.4492935982947064e-16,1.0,6.432490598706546e-16,1.0,0,87459.75856904239,-259.4624759922997
2022-12-31,Storage,North,138.60065380595773,2,1,598.0,598.0,598.0,598.0,598.0,598.0,404.5,211.0,308.0,470.0,417.0,479.3333333333333,515.0714285714286,152.24498584283722,482.75,124.50961501333634,447.92777777777775,118.92070254154966,211.0,598.0,591.0912394607278,551.0756331487671,506.91669892679806,0.0,139.5866049161973,140.79784977347876,141.99606021928838,142.85594579736753,144.0,144.0,191.0,161.0,168.0,145.0,145.0,149.1766372437617,18.51338905057507,150.4454614790237,18.03509575461587,154.1078820235444,23.923713590498203,139.5866049161973,191.0,141.02403262964245,144.58698388253057,148.4722129660386,-0.008602722692357512,-51.4133950838027,46.0,0.9357135712369801,0.9057719967178541,5,12,4,52,31,2022,1,0,-0.9749279121818236,-0.2225209339563146,-2.4492935982947064e-16,1.0,6.432490598706546e-16,1.0,0,86463.01636175328,-583.0068914847305
2023-01-01,Storage,North,137.73743983529994,2,1,598.0,598.0,598.0,598.0,598.0,598.0,598.0,404.5,552.0,492.0,488.0,505.0,570.3571428571429,73.13612552728547,503.4642857142857,117.1035807581204,451.8833333333333,121.9366485695249,404.5,598.0,594.5456197303639,562.8067248615753,519.0611390698916,0.0,138.60065380595773,139.5866049161973,140.79784977347876,141.99606021928838,142.85594579736753,144.0,144.0,154.0,149.0,117.0,137.0,141.6910163588985,2.1169773279065707,148.84550817944927,18.020296469399774,153.89457048374297,24.035988566352206,138.60065380595773,144.0,139.8123432178001,143.09040136338734,147.15600507802782,-0.0070633647894187135,-5.399346194042266,27.0,0.9781894179987924,0.9006208111804591,6,1,1,52,1,2023,1,0,-0.7818314824680299,0.6234898018587334,0.49999999999999994,0.8660254037844387,6.432490598706546e-16,1.0,0,85568.06001530563,-467.5352265158819
2023-01-02,Storage,North,135.46842176729496,2,1,598.0,598.0,598.0,598.0,598.0,598.0,598.0,598.0,499.0,218.0,398.0,417.0,598.0,0.0,506.75,119.19679106418931,454.98333333333335,124.4890580521543,598.0,598.0,596.2728098651819,571.6050436461815,529.5863205272394,0.0,137.73743983529994,138.60065380595773,139.5866049161973,140.79784977347876,141.99606021928838,142.85594579736753,144.0,152.0,155.0,197.0,145.0,140.79636490679852,2.294417550239632,147.68389673911355,18.18586459411119,153.91915181158632,24.018485608038443,137.73743983529994,144.0,138.77489152655002,141.75216098136548,145.90019637899744,-0.006228065647268188,-6.262560164700062,-53.0,0.9782741120355091,0.8948687497254189,0,1,1,1,2,2023,0,1,0.0,1.0,0.49999999999999994,0.8660254037844387,0.12053668025532305,0.992708874098054,0,84767.79226685656,0.0
2023-01-03,Storage,North,132.8530298818838,2,1,598.0,598.0,598.0,598.0,598.0,598.0,598.0,598.0,357.0,354.0,476.0,488.0,598.0,0.0,513.8214285714286,121.61376553266071,461.01666666666665,126.94653254987624,598.0,598.0,597.136404932591,578.2037827346361,538.7081444569409,0.0,135.46842176729496,137.73743983529994,138.60065380595773,139.5866049161973,140.79784977347876,141.99606021928838,142.85594579736753,186.0,161.0,161.0,117.0,139.57756801641207,2.5596728513740232,146.50306972249174,18.419266398745524,153.60143253716282,24.202872214999275,135.46842176729496,142.85594579736753,137.12165664692247,140.18122617784786,144.5092930974371,-0.01647350256196256,-7.387524030072569,-18.144054202632475,0.9705601173736308,0.8819476397303239,1,1,1,1,3,2023,0,0,0.7818314824680298,0.6234898018587336,0.49999999999999994,0.8660254037844387,0.12053668025532305,0.992708874098054,0,83828.37325435302,467.53522651588185
2023-01-04,Storage,North,129.94388643046116,2,1,598.0,598.0,598.0,598.0,598.0,598.0,598.0,598.0,436.0,490.0,226.0,398.0,598.0,0.0,531.0357142857143,114.56044160276176,464.68333333333334,129.31920433251744,598.0,598.0,597.5682024662955,583.152837050977,546.6137251960155,0.0,132.8530298818838,135.46842176729496,137.73743983529994,138.60065380595773,139.5866049161973,140.79784977347876,141.99606021928838,139.0,167.0,195.0,197.0,138.14858002848584,3.1487869674147975,142.70685757119776,14.76758608267656,154.12986686655896,23.540167977581984,132.8530298818838,141.99606021928838,134.98734326440314,138.34917710385685,142.95512466869667,-0.019306284455751777,-9.143030337404582,-53.00393978071162,0.9616677123487058,0.861955127327456,2,1,1,1,4,2023,0,0,0.9749279121818236,-0.22252093395631434,0.49999999999999994,0.8660254037844387,0.12053668025532305,0.992708874098054,0,82732.80790810639,583.0068914847305
2023-01-05,Storage,North,126.97143973003627,2,1,598.0,598.0,598.0,598.0,598.0,598.0,598.0,598.0,479.0,366.0,238.0,476.0,598.0,0.0,542.6071428571429,112.38364556824443,471.35,130.90844062773874,598.0,598.0,597.7841012331478,586.8646277882328,553.4652285032134,0.0,129.94388643046116,132.8530298818838,135.46842176729496,137.73743983529994,138.60065380595773,139.5866049161973,140.79784977347876,126.0,109.0,191.0,161.0,136.42684091579625,3.8998365438109612,142.05999231623068,15.13619029726023,151.89466308090766,22.489288637992452,129.94388643046116,140.79784977347876,132.46561484743216,136.24785443550792,141.2202929035986,-0.021897456565417306,-10.853963343017597,-50.20215022652124,0.9524803521484693,0.8554868415999506,3,1,1,1,5,2023,0,0,0.43388373911755823,-0.900968867902419,0.49999999999999994,0.8660254037844387,0.12053668025532305,0.992708874098054,0,81476.21695243374,259.4624759922998
2023-01-06,Storage,North,125.27138745323559,2,1,598.0,598.0,598.0,598.0,598.0,598.0,598.0,598.0,522.0,501.0,561.0,226.0,598.0,0.0,551.1071428571429,111.70086745951795,475.4166666666667,132.93711783715855,598.0,598.0,597.8920506165739,589.6484708411747,559.4031980361183,0.0,126.97143973003627,129.94388643046116,132.8530298818838,135.46842176729496,137.73743983529994,138.60065380595773,139.5866049161973,144.0,198.0,122.0,195.0,134.45163948101873,4.730068685279367,142.12938086837613,15.058932939125361,150.76037773857553,22.86914560810573,126.97143973003627,139.5866049161973,129.7185272887342,133.92875075914,139.3204458137903,-0.022874848383233393,-12.615165186161036,17.586604916197302,0.9443651209890706,0.8422069564458297,4,1,1,1,6,2023,0,1,-0.433883739117558,-0.9009688679024191,0.49999999999999994,0.8660254037844387,0.12053668025532305,0.992708874098054,0,80089.39295396573,-259.4624759922997
2023-01-07,Storage,North,124.24198652036094,2,1,598.0,598.0,598.0,598.0,598.0,598.0,598.0,598.0,211.0,308.0,470.0,238.0,598.0,0.0,556.5357142857143,112.02377225147595,487.81666666666666,126.04066690018612,598.0,598.0,597.946025308287,591.7363531308811,564.5494382979692,0.0,125.27138745323559,126.97143973003627,129.94388643046116,132.8530298818838,135.46842176729496,137.73743983529994,138.60065380595773,191.0,161.0,168.0,191.0,132.40660841488133,5.210172605068404,140.79162282932154,15.698278618274148,148.43609065368338,21.733029002308463,125.27138745323559,138.60065380595773,127.4949573709849,131.76440993266388,137.447238032383,-0.01338924942818076,-13.329266352722144,-29.399346194042266,0.9461112855832724,0.8439415647341793,5,1,1,1,7,2023,1,0,-0.9749279121818236,-0.2225209339563146,0.49999999999999994,0.8660254037844387,0.12053668025532305,0.992708874098054,0,78795.117139733,-583.0068914847305
2023-01-08,Storage,North,122.85696790203623,2,1,598.0,598.0,598.0,598.0,598.0,598.0,598.0,598.0,404.5,552.0,492.0,561.0,598.0,0.0,584.1785714285714,51.715050310054124,499.81666666666666,118.33809566262876,598.0,598.0,597.9730126541435,593.3022648481608,569.0095131915733,0.0,124.24198652036094,125.27138745323559,126.97143973003627,129.94388643046116,132.8530298818838,135.46842176729496,137.73743983529994,144.0,154.0,149.0,122.0,130.35537023122467,5.191614989878084,136.02319329506162,7.00739066558384,146.2108235376954,20.613458796159428,124.24198652036094,137.73743983529994,125.86847194567292,129.88380407958815,135.68653783078008,-0.008217366741139709,-13.495453314938999,-11.262560164700062,0.9531021648504242,0.8497454748183124,6,1,1,1,8,2023,1,0,-0.7818314824680299,0.6234898018587334,0.49999999999999994,0.8660254037844387,0.12053668025532305,0.992708874098054,0,77670.51483959371,-467.5352265158819
2023-01-09,Storage,North,122.80782181594631,2,1,598.0,598.0,598.0,598.0,598.0,598.0,598.0,598.0,598.0,499.0,218.0,470.0,598.0,0.0,598.0,0.0,501.05,119.18750440753657,598.0,598.0,597.9865063270718,594.4766986361205,572.8749114326969,0.0,122.85696790203623,124.24198652036094,125.27138745323559,126.97143973003627,129.94388643046116,132.8530298818838,135.46842176729496,144.0,152.0,155.0,168.0,128.2295885264727,4.687139285248526,134.51297671663562,7.422083988501983,146.23938913442996,20.579316649931418,122.85696790203623,135.46842176729496,124.36271992385457,128.12709503520017,133.97592850694758,-0.01114775010537783,-12.611453865258724,-19.531578232705044,0.9581015454835617,0.8401085903674822,0,1,1,2,9,2023,0,1,0.0,1.0,0.49999999999999994,0.8660254037844387,0.23931566428755774,0.970941817426052,0,76620.0028310497,0.0
2023-01-10,Storage,North,121.62123450815224,2,1,598.0,598.0,598.0,598.0,598.0,598.0,598.0,598.0,598.0,357.0,354.0,492.0,598.0,0.0,598.0,0.0,505.31666666666666,120.32330609032378,598.0,598.0,597.9932531635359,595.3575239770904,576.2249232416706,0.0,122.80782181594631,122.85696790203623,124.24198652036094,125.27138745323559,126.97143973003627,129.94388643046116,132.8530298818838,142.85594579736753,186.0,161.0,149.0,126.42093139056576,3.7839972516724854,132.99924970348894,7.49904182292809,144.7329831949615,20.585545929867695,122.80782181594631,132.8530298818838,123.58527086990044,126.7972767303867,132.48684761481408,-0.00040002685178675,-10.045208065937487,-28.1469701181162,0.9714199974142173,0.8485130220939752,1,1,1,2,10,2023,0,0,0.7818314824680298,0.6234898018587336,0.49999999999999994,0.8660254037844387,0.23931566428755774,0.970941817426052,0,75824.77148477125,467.53522651588185
2023-01-11,Storage,North,119.35006447803234,2,1,598.0,598.0,598.0,598.0,598.0,598.0,598.0,598.0,598.0,436.0,490.0,218.0,598.0,0.0,598.0,0.0,508.85,121.46967480219794,598.0,598.0,597.9966265817679,596.0181429828178,579.1282668094478,0.0,121.62123450815224,122.80782181594631,122.85696790203623,124.24198652036094,125.27138745323559,126.97143973003627,129.94388643046116,141.99606021928838,139.0,167.0,155.0,124.8163891943184,2.8738800934235087,131.4824846114021,7.499537783093076,143.82035767856658,20.9927206354329,121.62123450815224,129.94388643046116,122.60325268902633,125.5032661748281,131.0380992005925,-0.009662147656787079,-8.322651922308921,-37.05611356953884,0.9744011529159605,0.8456468585228006,2,1,1,2,11,2023,0,0,0.9749279121818236,-0.22252093395631434,0.49999999999999994,0.8660254037844387,0.23931566428755774,0.970941817426052,0,75050.9531725472,583.0068914847305
2023-01-12,Storage,North,118.20643147398769,2,1,598.0,598.0,598.0,598.0,598.0,598.0,598.0,598.0,598.0,479.0,366.0,354.0,598.0,0.0,598.0,0.0,521.5166666666667,109.29748106802872,598.0,598.0,597.998313290884,596.5136072371133,581.6444979015215,0.0,119.35006447803234,121.62123450815224,122.80782181594631,122.85696790203623,124.24198652036094,125.27138745323559,126.97143973003627,140.79784977347876,126.0,109.0,161.0,123.30298605825713,2.4870288625789057,129.86491348702668,7.499685675036902,142.632026494501,21.34412798796866,119.35006447803234,126.97143973003627,120.97665858352934,123.96496575062915,129.47969457091781,-0.018674124130582337,-7.621375252003929,17.971439730036266,0.9679413883269742,0.8367690383047646,3,1,1,2,12,2023,0,0,0.43388373911755823,-0.900968867902419,0.49999999999999994,0.8660254037844387,0.23931566428755774,0.970941817426052,0,74131.04951887623,259.4624759922998
2023-01-13,Storage,North,118.32476233687375,2,1,598.0,598.0,598.0,598.0,598.0,598.0,598.0,598.0,598.0,522.0,501.0,490.0,598.0,0.0,598.0,0.0,529.65,105.4114393779164,598.0,598.0,597.999156645442,596.885205427835,583.8252315146519,0.0,118.20643147398769,119.35006447803234,121.62123450815224,122.80782181594631,122.85696790203623,124.24198652036094,125.27138745323559,139.5866049161973,144.0,198.0,167.0,122.05084202167875,2.5381797562387036,128.25124075134877,7.396073070067693,141.20557421030057,21.503621543640293,118.20643147398769,125.27138745323559,119.59154502875852,122.52533218146877,127.97659282466046,-0.009582173323879006,-7.064955979247898,-72.72861254676441,0.9685015567896716,0.8371229768933717,4,1,1,2,13,2023,0,1,-0.433883739117558,-0.9009688679024191,0.49999999999999994,0.8660254037844387,0.23931566428755774,0.970941817426052,0,73270.14864451833,-259.4624759922997
2023-01-14,Storage,North,118.37851502801895,2,1,598.0,598.0,598.0,598.0,598.0,598.0,598.0,598.0,598.0,211.0,308.0,366.0,598.0,0.0,598.0,0.0,533.25,105.85389654515842,598.0,598.0,597.9995783227209,597.1639040708762,585.7152006460317,0.0,118.32476233687375,118.20643147398769,119.35006447803234,121.62123450815224,122.80782181594631,122.85696790203623,124.24198652036094,138.60065380595773,191.0,161.0,109.0,121.05846700505563,2.424604386126759,126.73253770996851,7.064966258963938,139.58306628819633,21.32585417840508,118.20643147398769,124.24198652036094,118.95815368281613,121.47518972032,126.68968209295556,0.0010010526619450566,-5.917224183487193,-36.75801347963906,0.9774183027983824,0.8477014055907606,5,1,1,2,14,2023,1,0,-0.9749279121818236,-0.2225209339563146,0.49999999999999994,0.8660254037844387,0.23931566428755774,0.970941817426052,0,72642.16345275137,-583.0068914847305
2023-01-15,Storage,North,117.71243065518942,2,1,598.0,598.0,598.0,598.0,598.0,598.0,598.0,598.0,598.0,404.5,552.0,501.0,598.0,0.0,598.0,0.0,540.9833333333333,101.60305481198107,598.0,598.0,597.9997891613605,597.3729280531572,587.3531738932274,0.0,118.37851502801895,118.32476233687375,118.20643147398769,119.35006447803234,121.62123450815224,122.80782181594631,122.85696790203623,137.73743983529994,144.0,154.0,198.0,120.22082822043535,2.1372924279620267,125.28809922583001,6.496191824943942,139.895683455797,20.92708754673469,118.20643147398769,122.85696790203623,118.66833435541754,120.70102104724474,125.58152648429736,0.0004542809981917806,-4.478452874017279,-31.14303209796377,0.9846755823898173,0.846191328120798,6,1,1,2,15,2023,1,0,-0.7818314824680299,0.6234898018587334,0.49999999999999994,0.8660254037844387,0.23931566428755774,0.970941817426052,0,72179.21058625235,-467.5352265158819
2023-01-16,Storage,North,116.29528716819762,2,1,598.0,598.0,598.0,598.0,598.0,598.0,598.0,598.0,598.0,598.0,499.0,308.0,598.0,0.0,598.0,0.0,544.2166666666667,101.8299531955902,598.0,598.0,597.9998945806802,597.529696039868,588.7727507074638,0.0,117.71243065518942,118.37851502801895,118.32476233687375,118.20643147398769,119.35006447803234,121.62123450815224,122.80782181594631,135.46842176729496,144.0,152.0,161.0,119.48589432802866,1.9566146221091323,123.8577414272507,5.699988877035649,137.21943114430331,18.195738524564884,117.71243065518942,122.80782181594631,118.19038250530349,119.95387344923091,124.53231370708296,-0.005626733640575532,-5.09539116075689,-29.192178184053688,0.9851575395742695,0.8578408233857151,0,1,1,3,16,2023,0,1,0.0,1.0,0.49999999999999994,0.8660254037844387,0.3546048870425356,0.9350162426854148,0,71732.41632264009,0.0
2023-01-17,Storage,North,116.24558567529547,2,1,598.0,598.0,598.0,598.0,598.0,598.0,598.0,598.0,598.0,598.0,357.0,552.0,598.0,0.0,598.0,0.0,553.8833333333333,91.91484846212875,598.0,598.0,597.9999472903401,597.6472720299009,590.0030506131353,0.0,116.29528716819762,117.71243065518942,118.37851502801895,118.32476233687375,118.20643147398769,119.35006447803234,121.62123450815224,132.8530298818838,142.85594579736753,186.0,154.0,118.55553223549315,1.6358382727468486,122.48823181302944,4.949695995883518,135.72927404990992,18.010676349310575,116.29528716819762,121.62123450815224,117.24283483675055,119.03922687897258,123.43404350189824,-0.01203903002515505,-5.325947339954624,-64.37876549184776,0.9809351279892953,0.8568180086826066,1,1,1,3,17,2023,0,0,0.7818314824680298,0.6234898018587336,0.49999999999999994,0.8660254037844387,0.3546048870425356,0.9350162426854148,0,71185.4576736256,467.53522651588185
2023-01-18,Storage,North,115.89079272948103,2,1,598.0,598.0,598.0,598.0,598.0,598.0,598.0,598.0,598.0,598.0,436.0,499.0,598.0,0.0,598.0,0.0,555.4166666666666,92.26536722143226,598.0,598.0,597.99997364517,597.7354540224258,591.069310531384,0.0,116.24558567529547,116.29528716819762,117.71243065518942,118.37851502801895,118.32476233687375,118.20643147398769,119.35006447803234,129.94388643046116,141.99606021928838,139.0,152.0,117.78758240222791,1.1449086709571608,121.30198579827314,4.209279612759759,134.47079357241975,18.009031170018194,116.24558567529547,119.35006447803234,116.74421025602301,118.3408165780533,122.47558245835121,-0.0004273732333646141,-3.104478802736864,-19.649935521967663,0.9869086563932064,0.8644671584259211,2,1,1,3,18,2023,0,0,0.9749279121818236,-0.22252093395631434,0.49999999999999994,0.8660254037844387,0.3546048870425356,0.9350162426854148,0,70767.80831367588,583.0068914847305
2023-01-19,Storage,North,115.684726086467,2,1,598.0,598.0,598.0,598.0,598.0,598.0,598.0,598.0,598.0,598.0,479.0,357.0,598.0,0.0,598.0,0.0,558.7166666666667,91.94785659999549,598.0,598.0,597.999986822585,597.8015905168193,591.9934024605328,0.0,115.89079272948103,116.24558567529547,116.29528716819762,117.71243065518942,118.37851502801895,118.32476233687375,118.20643147398769,126.97143973003627,140.79784977347876,126.0,186.0,117.29340072386344,1.1039208377270862,120.29819339106027,3.624984119810007,133.26715333006914,18.00374651158669,115.89079272948103,118.37851502801895,116.31750149275203,117.72831061591023,121.59761049450185,-0.0030520982259529816,-2.315638744506657,-7.793568526012308,0.9880418764076391,0.8696125711700031,3,1,1,3,19,2023,0,0,0.43388373911755823,-0.900968867902419,0.49999999999999994,0.8660254037844387,0.3546048870425356,0.9350162426854148,0,70401.52974831432,259.4624759922998
2023-01-20,Storage,North,116.3149523461607,2,1,598.0,598.0,598.0,598.0,598.0,598.0,598.0,598.0,598.0,598.0,522.0,436.0,598.0,0.0,598.0,0.0,566.75,83.89142716466408,598.0,598.0,597.9999934112925,597.8511928876144,592.7942821324618,0.0,115.684726086467,115.89079272948103,116.24558567529547,116.29528716819762,117.71243065518942,118.37851502801895,118.32476233687375,125.27138745323559,139.5866049161973,144.0,139.0,116.93315709707474,1.1660208645678594,119.49199955937674,3.2637780520061583,130.92331086628468,15.27166913868401,115.684726086467,118.37851502801895,116.00111378960952,117.21741448354942,120.80922590676387,-0.0017781105656516916,-2.6400362504067516,-25.675237663126254,0.9893235414922145,0.8836067804686972,4,1,1,3,20,2023,0,1,-0.433883739117558,-0.9009688679024191,0.49999999999999994,0.8660254037844387,0.3546048870425356,0.9350162426854148,0,70096.01386116256,-259.4624759922997
2023-01-21,Storage,North,118.84657393872033,2,1,598.0,598.0,598.0,598.0,598.0,598.0,598.0,598.0,598.0,598.0,211.0,479.0,598.0,0.0,598.0,0.0,572.15,80.32296339326545,598.0,598.0,597.9999967056463,597.8883946657108,593.4883778481336,0.0,116.3149523461607,115.684726086467,115.89079272948103,116.24558567529547,116.29528716819762,117.71243065518942,118.37851502801895,124.24198652036094,138.60065380595773,191.0,126.0,116.64604138411573,1.0021802800117385,118.85225419458568,2.901480788631387,130.16714261115672,15.418875566755364,115.684726086467,118.37851502801895,116.1580330678851,116.99179894920223,120.20998943201678,0.0054477914329211785,-2.063562681858258,-72.62148497198105,0.9971615836149438,0.893581506970944,5,1,1,3,21,2023,1,0,-0.9749279121818236,-0.2225209339563146,0.49999999999999994,0.8660254037844387,0.3546048870425356,0.9350162426854148,0,69961.09577162293,-583.0068914847305
2023-01-22,Storage,North,120.7580656256577,2,1,598.0,598.0,598.0,598.0,598.0,598.0,598.0,598.0,598.0,598.0,404.5,522.0,598.0,0.0,598.0,0.0,576.1166666666667,78.48145875183575,598.0,598.0,597.9999983528231,597.9162959992832,594.0899274683825,0.0,118.84657393872033,116.3149523461607,115.684726086467,115.89079272948103,116.24558567529547,116.29528716819762,117.71243065518942,122.85696790203623,137.73743983529994,144.0,144.0,116.71290694278737,1.1427870506183897,118.46686758161137,2.4544022914836687,129.9286950757807,15.540375077865225,115.684726086467,118.84657393872033,117.50230350330271,117.45549269658176,120.02820069957725,0.021765229160094268,1.1341432835309035,-26.287569344810578,1.0182813198089355,0.9147061236526476,6,1,1,3,22,2023,1,0,-0.7818314824680299,0.6234898018587334,0.49999999999999994,0.8660254037844387,0.3546048870425356,0.9350162426854148,0,70238.38463255588,-467.5352265158819
2023-01-23,Storage,North,122.64765434471407,2,1,598.0,598.0,598.0,598.0,598.0,598.0,598.0,598.0,598.0,598.0,598.0,211.0,598.0,0.0,598.0,0.0,578.65,77.89882363770288,598.0,598.0,597.9999991764116,597.9372219994624,594.6112704725982,0.0,120.7580656256577,118.84657393872033,116.3149523461607,115.684726086467,115.89079272948103,116.24558567529547,116.29528716819762,122.80782181594631,135.46842176729496,144.0,191.0,117.14799765285424,1.9094024848281754,118.31694599044148,2.2183693733215932,129.1539639299693,15.3933338024476,115.684726086467,120.7580656256577,119.1301845644802,118.28113592885074,120.12551602305464,0.016083691970144365,4.462778457460075,-27.704712831802382,1.0308162923337785,0.93499309673641,0,1,1,4,23,2023,0,1,0.0,1.0,0.49999999999999994,0.8660254037844387,0.4647231720437685,0.8854560256532099,0,70732.11928545275,0.0
2023-01-24,Storage,North,124.05705888421417,2,1,598.0,598.0,598.0,598.0,598.0,598.0,598.0,598.0,598.0,598.0,598.0,404.5,598.0,0.0,598.0,0.0,591.55,35.32810495908322,598.0,598.0,597.9999995882058,597.9529164995968,595.0631010762518,0.0,122.64765434471407,120.7580656256577,118.84657393872033,116.3149523461607,115.684726086467,115.89079272948103,116.24558567529547,121.62123450815224,132.8530298818838,142.85594579736753,144.0,118.0554786780709,2.757697196762346,118.30550545678202,2.1937034292703603,126.87555240812642,10.057339327337981,115.684726086467,122.64765434471407,120.88891945459713,119.37276553281657,120.46180113260924,0.015647722653275853,6.402068669418597,-26.610360122072052,1.0388984457067618,0.9666768029786458,1,1,1,4,24,2023,0,0,0.7818314824680298,0.6234898018587336,0.49999999999999994,0.8660254037844387,0.4647231720437685,0.8854560256532099,0,71384.91378862431,467.53522651588185
2023-01-25,Storage,North,126.25807189638086,2,1,598.0,598.0,598.0,598.0,598.0,598.0,598.0,598.0,598.0,598.0,598.0,598.0,598.0,0.0,598.0,0.0,598.0,0.0,598.0,598.0,597.9999997941029,597.9646873746976,595.4546875994182,0.0,124.05705888421417,122.64765434471407,120.7580656256577,118.84657393872033,116.3149523461607,115.684726086467,115.89079272948103,119.35006447803234,129.94388643046116,141.99606021928838,144.0,119.17140342220213,3.4072373711828483,118.47949291221502,2.5453253738529624,126.21078770426692,9.531783480190866,115.684726086467,124.05705888421417,122.47298916940565,120.54383887066598,120.94116883282324,0.011491492006352022,8.166266154733137,-26.105267489807346,1.0409968690534441,0.9829354539167068,2,1,1,4,25,2023,0,0,0.9749279121818236,-0.22252093395631434,0.49999999999999994,0.8660254037844387,0.4647231720437685,0.8854560256532099,0,72085.21564465825,583.0068914847305
2022-12-28,Storage,South,183.40063511861095,2,2,362.0,362.0,206.0,357.0,438.0,379.0,436.0,390.0,573.0,252.0,374.0,370.0,366.85714285714283,78.01800768931186,348.10714285714283,102.44447333065418,387.85,106.09117699059163,206.0,438.0,328.5462904686327,340.8778032673613,353.06006396341394,0.7572815533980584,184.0,160.0,143.0,127.5,112.0,138.0,106.0,144.33333333333334,166.0,132.0,198.0,138.64285714285714,27.179517848486395,152.60714285714286,26.125404928187862,145.75,28.58156138738743,106.0,184.0,165.60274181556844,152.98530343711826,149.25831690268296,0.1499999999999999,78.0,-26.0,1.3271509435445064,1.262435668868366,2,12,4,52,28,2022,0,0,0.9749279121818236,-0.22252093395631434,-2.4492935982947064e-16,1.0,6.432490598706546e-16,1.0,0,55380.67984423681,352.92390420982014
2022-12-29,Storage,South,184.12275933850043,2,2,362.0,362.0,362.0,206.0,357.0,438.0,379.0,436.0,410.5,272.0,492.0,573.0,362.85714285714283,77.34862328322026,333.0357142857143,79.84092567536032,387.5833333333333,106.14763042312552,206.0,438.0,345.27314523431636,346.15835245052097,354.2520554349587,0.0,183.40063511861095,184.0,160.0,143.0,127.5,112.0,138.0,163.66666666666666,126.0,134.0,102.0,149.70009073123015,27.42937235683714,155.39766441323408,27.236490325768496,145.2633545039537,27.77413023471911,112.0,184.0,174.5016884670897,160.58913635749144,153.81062599814004,-0.0032574178336360893,45.40063511861095,4.0,1.2251203923634622,1.262538886578448,3,12,4,52,29,2022,0,0,0.43388373911755823,-0.900968867902419,-2.4492935982947064e-16,1.0,6.432490598706546e-16,1.0,0,58133.267361411905,157.06591356055608
2022-12-30,Storage,South,186.18897571563147,2,2,362.0,362.0,362.0,362.0,206.0,357.0,438.0,379.0,248.0,543.0,488.0,374.0,352.2857142857143,70.43369053162529,329.57142857142856,77.230748556443,380.55,100.26574985442302,206.0,438.0,353.6365726171582,350.11876433789075,355.28511471029753,0.0,184.12275933850043,183.40063511861095,184.0,160.0,143.0,127.5,112.0,183.0,107.0,113.0,132.0,156.28905635101592,29.603911686059412,156.85881388979368,28.244275852411135,148.00077981523702,27.40764905797838,112.0,184.12275933850043,179.31222390279507,166.4725421027437,157.85224377685478,0.003937413954005375,72.12275933850043,-1.0,1.1780911757946795,1.2440661348155846,4,12,4,52,30,2022,0,1,-0.433883739117558,-0.9009688679024191,-2.4492935982947064e-16,1.0,6.432490598706546e-16,1.0,0,60263.06024119321,-157.065913560556
2022-12-31,Storage,South,186.11041479282196,2,2,362.0,362.0,362.0,362.0,362.0,206.0,357.0,438.0,245.66666666666666,535.0,484.0,492.0,349.85714285714283,69.64775318565218,337.7142857142857,73.90694740169477,380.15,100.31670490763192,206.0,438.0,357.8182863085791,353.08907325341806,356.18043274892455,0.0,186.18897571563147,184.12275933850043,183.40063511861095,184.0,160.0,143.0,127.5,164.0,112.0,150.0,134.0,166.88748145324897,23.820676892528933,157.08659786948164,28.483164964932136,149.80707900575808,28.093826434446093,127.5,186.18897571563147,182.75059980921327,171.40165050596565,161.63047470202503,0.01122194988036429,58.68897571563147,-22.5,1.1156557279111063,1.2428583195699094,5,12,4,52,31,2022,1,0,-0.9749279121818236,-0.2225209339563146,-2.4492935982947064e-16,1.0,6.432490598706546e-16,1.0,0,62047.39748315956,-352.92390420982014
2023-01-01,Storage,South,185.97916779329836,2,2,362.0,362.0,362.0,362.0,362.0,362.0,206.0,357.0,243.33333333333334,335.0,383.0,488.0,339.0,58.677082408722406,346.0238095238096,69.14835584448205,375.81666666666666,98.10189352611884,206.0,362.0,359.90914315428955,355.31680494006355,356.95637504906796,0.0,186.11041479282196,186.18897571563147,184.12275933850043,183.40063511861095,184.0,160.0,143.0,176.0,160.0,126.0,113.0,175.26039785222355,16.98997377616029,158.66591321182605,29.491128295612256,151.54409283218547,28.6874845712303,143.0,186.18897571563147,184.4305073010176,175.07884157767973,164.89446671413128,-0.00042194186045418913,43.110414792821956,17.0,1.0619079724321918,1.2280941479574519,6,1,1,52,1,2023,1,0,-0.7818314824680299,0.6234898018587334,0.49999999999999994,0.8660254037844387,6.432490598706546e-16,1.0,0,63378.54065112006,-283.02299665342684
2023-01-02,Storage,South,184.77064129898218,2,2,362.0,362.0,362.0,362.0,362.0,362.0,362.0,206.0,241.0,345.0,350.0,484.0,339.7142857142857,58.96245778943945,354.5,62.55059490585939,371.6166666666667,95.80369006803097,206.0,362.0,360.95457157714475,356.98760370504766,357.6288583758589,0.0,185.97916779329836,186.11041479282196,186.18897571563147,184.12275933850043,183.40063511861095,184.0,160.0,188.0,121.0,196.0,150.0,181.40027896555188,9.506375337573754,159.37871091134735,30.057479050253512,153.97673175862877,28.39911162442539,160.0,186.18897571563147,185.20483754715798,177.80392313158438,167.70576019135356,-0.0007052103971166845,25.97916779329836,-36.0,1.0252419005561404,1.2078394213289099,0,1,1,1,2,2023,0,1,0.0,1.0,0.49999999999999994,0.8660254037844387,0.12053668025532305,0.992708874098054,0,64365.020173633544,0.0
2023-01-03,Storage,South,183.63668120713507,2,2,362.0,362.0,362.0,362.0,362.0,362.0,362.0,362.0,344.0,459.0,507.0,383.0,362.0,0.0,363.14285714285717,53.34338275284464,367.55,93.42863719996211,362.0,362.0,361.4772857885724,358.24070277878576,358.2116772590777,0.0,184.77064129898218,185.97916779329836,186.11041479282196,186.18897571563147,184.12275933850043,183.40063511861095,184.0,147.0,125.0,168.0,126.0,184.93894200826364,1.1517726843992273,159.14804243270325,29.832485697499017,155.1357531352615,28.93567613207831,183.40063511861095,186.18897571563147,184.98773942307008,179.54560267343385,169.9810776723707,-0.006498182074130776,0.7706412989821843,16.0,0.9990899606835434,1.1910255139371824,1,1,1,1,3,2023,0,0,0.7818314824680298,0.6234898018587336,0.49999999999999994,0.8660254037844387,0.12053668025532305,0.992708874098054,0,64995.50816778305,283.0229966534268
2023-01-04,Storage,South,182.71491169578547,2,2,362.0,362.0,362.0,362.0,362.0,362.0,362.0,362.0,390.0,573.0,252.0,350.0,362.0,0.0,364.42857142857144,53.06268323076353,366.85,93.38754942160747,362.0,362.0,361.73864289428616,359.1805270840893,358.7167869578673,0.0,183.63668120713507,184.77064129898218,185.97916779329836,186.11041479282196,186.18897571563147,184.12275933850043,183.40063511861095,106.0,144.33333333333334,166.0,196.0,184.88703932356864,1.2079525223626157,161.76494823321286,30.288290944121467,157.056975842166,28.84776040605454,183.40063511861095,186.18897571563147,184.31221031510256,180.56837230685915,171.8018248103393,-0.006137122672060347,0.23604608852411957,17.40063511861095,0.9932371727393908,1.1692360626021745,2,1,1,1,4,2023,0,0,0.9749279121818236,-0.22252093395631434,0.49999999999999994,0.8660254037844387,0.12053668025532305,0.992708874098054,0,65365.75077508301,352.92390420982014
2023-01-05,Storage,South,182.43154529563455,2,2,362.0,362.0,362.0,362.0,362.0,362.0,362.0,362.0,436.0,410.5,272.0,507.0,362.0,0.0,362.42857142857144,52.54992393424091,367.25,93.3385748733447,362.0,362.0,361.8693214471431,359.88539531306697,359.1545486968183,0.0,182.71491169578547,183.63668120713507,184.77064129898218,185.97916779329836,186.11041479282196,186.18897571563147,184.12275933850043,138.0,163.66666666666666,126.0,168.0,184.78907883459357,1.366044346934767,167.2445847829118,26.06906370467584,156.61413956535884,28.326600484702098,182.71491169578547,186.18897571563147,183.51356100544402,181.10500715409074,173.25690306173212,-0.005019528262492745,-1.4078476427149553,58.12275933850043,0.9887754831580703,1.1666565422266846,3,1,1,1,5,2023,0,0,0.43388373911755823,-0.900968867902419,0.49999999999999994,0.8660254037844387,0.12053668025532305,0.992708874098054,0,65560.01258978085,157.06591356055608
2023-01-06,Storage,South,182.65198968605284,2,2,362.0,362.0,362.0,362.0,362.0,362.0,362.0,362.0,379.0,248.0,543.0,252.0,362.0,0.0,357.14285714285717,48.11501787441157,362.4166666666667,89.52889417791503,362.0,362.0,361.93466072357154,360.4140464848002,359.5339422039092,0.0,182.43154529563455,182.71491169578547,183.63668120713507,184.77064129898218,185.97916779329836,186.11041479282196,186.18897571563147,112.0,183.0,107.0,166.0,184.54747682846988,1.627976502576969,170.41826658974287,24.913906396653488,157.0951910752133,28.647350999716856,182.43154529563455,186.18897571563147,182.97255315053928,181.4366416894767,174.4801886929191,-0.0015508663059899952,-3.757430419996922,79.18897571563147,0.9885344814367931,1.1612802587127609,4,1,1,1,6,2023,0,1,-0.433883739117558,-0.9009688679024191,0.49999999999999994,0.8660254037844387,0.12053668025532305,0.992708874098054,0,65680.06429159056,-157.065913560556
2023-01-07,Storage,South,181.37163813310673,2,2,362.0,362.0,362.0,362.0,362.0,362.0,362.0,362.0,438.0,245.66666666666666,535.0,272.0,362.0,0.0,355.92857142857144,47.73398126107822,366.0833333333333,87.0695845165964,362.0,362.0,361.9673303617858,360.8105348636002,359.8627499100546,0.0,182.65198968605284,182.43154529563455,182.71491169578547,183.63668120713507,184.77064129898218,185.97916779329836,186.11041479282196,127.5,164.0,112.0,126.0,184.04219310995865,1.5818247066191276,175.4648372816038,18.500634841937746,157.65025739808178,28.985169950244973,182.43154529563455,186.11041479282196,182.81227141829606,181.74047868862073,175.56976215867027,0.0012083677198537757,-3.4584251067691127,74.11041479282196,0.9924462733634049,1.158589852893481,5,1,1,1,7,2023,1,0,-0.9749279121818236,-0.2225209339563146,0.49999999999999994,0.8660254037844387,0.12053668025532305,0.992708874098054,0,65790.05328528071,-352.92390420982014
2023-01-08,Storage,South,178.90058761952267,2,2,362.0,362.0,362.0,362.0,362.0,362.0,362.0,362.0,357.0,243.33333333333334,335.0,543.0,362.0,0.0,350.5,41.611296543126365,369.0833333333333,85.24756319479957,362.0,362.0,361.9836651808929,361.10790114770015,360.147716588714,0.0,181.37163813310673,182.65198968605284,182.43154529563455,182.71491169578547,183.63668120713507,184.77064129898218,185.97916779329836,143.0,176.0,160.0,107.0,183.36522501571358,1.5630812926911577,179.31281143396856,12.330460637656069,159.49597866918532,28.66141629353374,181.37163813310673,185.97916779329836,182.0919547757014,181.64826854974223,176.34334562192848,-0.007009787055409666,-4.607529660191631,25.97916779329836,0.9891277756097767,1.1371549208280627,6,1,1,1,8,2023,1,0,-0.7818314824680299,0.6234898018587334,0.49999999999999994,0.8660254037844387,0.12053668025532305,0.992708874098054,0,65756.67321500668,-283.02299665342684
2023-01-09,Storage,South,180.18109572471093,2,2,362.0,362.0,362.0,362.0,362.0,362.0,362.0,362.0,206.0,241.0,345.0,535.0,362.0,0.0,350.85714285714283,41.69275373833821,363.05,78.66524387472357,362.0,362.0,361.99183259044645,361.3309258607751,360.39468771021876,0.0,178.90058761952267,181.37163813310673,182.65198968605284,182.43154529563455,182.71491169578547,183.63668120713507,184.77064129898218,160.0,188.0,121.0,112.0,182.3539992766028,1.8529969658305765,181.87713912107736,6.598438961056422,161.8926649231694,27.08302347550307,178.90058761952267,184.77064129898218,180.49627119761203,180.96134831718734,176.68431122160771,-0.0136242388226685,-5.870053679459517,63.770641298982184,0.9810620405812769,1.1050567769661959,0,1,1,2,9,2023,0,1,0.0,1.0,0.49999999999999994,0.8660254037844387,0.23931566428755774,0.970941817426052,0,65508.008090821815,0.0
2023-01-10,Storage,South,180.64969808123973,2,2,362.0,362.0,362.0,362.0,362.0,362.0,362.0,362.0,362.0,344.0,459.0,335.0,362.0,0.0,362.0,0.0,357.28333333333336,71.65411745247249,362.0,362.0,361.9959162952232,361.4981943955813,360.60872934885623,0.0,180.18109572471093,178.90058761952267,181.37163813310673,182.65198968605284,182.43154529563455,182.71491169578547,183.63668120713507,184.0,147.0,125.0,160.0,181.69834990884974,1.6569955270364851,183.31864595855671,2.1695146036458746,164.1653681139931,25.570354569106247,178.90058761952267,183.63668120713507,180.33868346116148,180.76628516906823,177.1505491553548,0.007157651756357408,-3.4555854824241408,58.63668120713507,0.9916495929844737,1.0975584966375997,1,1,1,2,10,2023,0,0,0.7818314824680298,0.6234898018587336,0.49999999999999994,0.8660254037844387,0.23931566428755774,0.970941817426052,0,65437.395231202696,283.0229966534268
2023-01-11,Storage,South,180.7312550890539,2,2,362.0,362.0,362.0,362.0,362.0,362.0,362.0,362.0,362.0,390.0,573.0,345.0,362.0,0.0,362.0,0.0,358.18333333333334,71.53404395422115,362.0,362.0,361.9979581476116,361.623645796686,360.79423210234205,0.0,180.64969808123973,180.18109572471093,178.90058761952267,181.37163813310673,182.65198968605284,182.43154529563455,182.71491169578547,183.40063511861095,106.0,144.33333333333334,121.0,181.2716380337218,1.4457850418097367,183.07933867864523,2.2709808928439204,164.8536913833678,25.731784401554002,178.90058761952267,182.71491169578547,180.4941907712006,180.73713839711112,177.6171023454728,0.0026007298637187315,-2.0652136145457405,38.38157836245213,0.9965690112595805,1.0958183312093386,2,1,1,2,11,2023,0,0,0.9749279121818236,-0.22252093395631434,0.49999999999999994,0.8660254037844387,0.23931566428755774,0.970941817426052,0,65426.84409975423,352.92390420982014
2023-01-12,Storage,South,179.97381209697164,2,2,362.0,362.0,362.0,362.0,362.0,362.0,362.0,362.0,362.0,436.0,410.5,459.0,362.0,0.0,362.0,0.0,358.75,71.49333154874444,362.0,362.0,361.9989790738058,361.71773434751447,360.9550011553631,0.0,180.7312550890539,180.64969808123973,180.18109572471093,178.90058761952267,181.37163813310673,182.65198968605284,182.43154529563455,184.12275933850043,138.0,163.66666666666666,125.0,180.98825851847445,1.3031125263750452,182.888668676534,2.3525256354216824,166.84473321966956,24.50308951640308,178.90058761952267,182.65198968605284,180.61272293012723,180.7356675700968,178.03232271128363,0.0004514649549953731,-1.7002902065806609,18.764878628967892,0.998579993917261,1.0832302016262687,3,1,1,2,12,2023,0,0,0.43388373911755823,-0.900968867902419,0.49999999999999994,0.8660254037844387,0.23931566428755774,0.970941817426052,0,65426.311660375046,157.06591356055608
2023-01-13,Storage,South,178.77891266165742,2,2,362.0,362.0,362.0,362.0,362.0,362.0,362.0,362.0,362.0,379.0,248.0,573.0,362.0,0.0,362.0,0.0,355.51666666666665,68.95137314250927,362.0,362.0,361.9994895369029,361.7883007606358,361.094334334648,0.0,179.97381209697164,180.7312550890539,180.64969808123973,180.18109572471093,178.90058761952267,181.37163813310673,182.65198968605284,186.18897571563147,112.0,183.0,144.33333333333334,180.63715377580837,1.174146255589536,182.59231530213907,2.4446291814343093,168.67719362290194,23.291477026109398,178.90058761952267,182.65198968605284,180.29326751354944,180.54520370181552,178.2911879627087,-0.004190990604857059,-2.6781775890812014,-0.34801031394715665,0.9963277616963132,1.0669718126349246,4,1,1,2,13,2023,0,1,-0.433883739117558,-0.9009688679024191,0.49999999999999994,0.8660254037844387,0.23931566428755774,0.970941817426052,0,65357.36374005722,-157.065913560556
2023-01-14,Storage,South,177.580656378503,2,2,362.0,362.0,362.0,362.0,362.0,362.0,362.0,362.0,362.0,438.0,245.66666666666666,410.5,362.0,0.0,362.0,0.0,348.48333333333335,55.43976659678966,362.0,362.0,361.9997447684515,361.84122557047687,361.21508975669497,0.0,178.77891266165742,179.97381209697164,180.7312550890539,180.64969808123973,180.18109572471093,178.90058761952267,181.37163813310673,186.11041479282196,127.5,164.0,163.66666666666666,180.08385705803758,0.9593619463761933,182.0630250839981,2.407915688683975,169.82537960051275,22.895689567403316,178.77891266165742,181.37163813310673,179.53609008760344,180.10363094177598,178.35621792256853,-0.006639296136431216,-2.592725471449313,17.371638133106728,0.9927536792555854,1.0527219902554286,5,1,1,2,14,2023,1,0,-0.9749279121818236,-0.2225209339563146,0.49999999999999994,0.8660254037844387,0.23931566428755774,0.970941817426052,0,65197.514400922904,-352.92390420982014
2023-01-15,Storage,South,175.58363701459362,2,2,362.0,362.0,362.0,362.0,362.0,362.0,362.0,362.0,362.0,357.0,243.33333333333334,248.0,362.0,0.0,362.0,0.0,346.8666666666667,54.26362498182905,362.0,362.0,361.99987238422574,361.88091917785766,361.3197444558023,0.0,177.580656378503,178.77891266165742,179.97381209697164,180.7312550890539,180.64969808123973,180.18109572471093,178.90058761952267,185.97916779329836,143.0,176.0,183.0,179.5422882359513,1.160230443076806,181.45375662583248,2.3840512792759796,170.28917925757395,22.907555365202818,177.580656378503,180.7312550890539,178.5583732330532,179.47288730095775,178.25280971669312,-0.006702447538777356,-1.319931241019674,2.9005876195226676,0.989074257291716,1.042818199664243,6,1,1,2,15,2023,1,0,-0.7818314824680299,0.6234898018587334,0.49999999999999994,0.8660254037844387,0.23931566428755774,0.970941817426052,0,64969.185202946705,-283.02299665342684
2023-01-16,Storage,South,174.04355920251493,2,2,362.0,362.0,362.0,362.0,362.0,362.0,362.0,362.0,362.0,206.0,241.0,245.66666666666666,362.0,0.0,362.0,0.0,350.6666666666667,50.99455308603501,362.0,362.0,361.99993619211284,361.9106893833932,361.4104451950287,0.0,175.58363701459362,177.580656378503,178.77891266165742,179.97381209697164,180.7312550890539,180.64969808123973,180.18109572471093,184.77064129898218,160.0,188.0,164.0,179.0684381495329,1.9045651545122588,180.71121871306784,2.48298810087227,170.04196715806037,22.80544369059006,175.58363701459362,180.7312550890539,177.0710051238234,178.50057472936672,177.89692002307987,-0.011245703246263727,-4.5974587101173086,-7.818904275289071,0.9805392722944926,1.032590006552865,0,1,1,3,16,2023,0,1,0.0,1.0,0.49999999999999994,0.8660254037844387,0.3546048870425356,0.9350162426854148,0,64617.20805203075,0.0
2023-01-17,Storage,South,173.0667313250321,2,2,362.0,362.0,362.0,362.0,362.0,362.0,362.0,362.0,362.0,362.0,344.0,243.33333333333334,362.0,0.0,362.0,0.0,354.5444444444445,47.00154748682016,362.0,362.0,361.9999680960564,361.9330170375449,361.48905250235816,0.0,174.04355920251493,175.58363701459362,177.580656378503,178.77891266165742,179.97381209697164,180.7312550890539,180.64969808123973,183.63668120713507,184.0,147.0,176.0,178.1916472177906,2.5946828885684194,179.94499856332018,2.772217301745707,170.37675246481092,22.7874016399551,174.04355920251493,180.7312550890539,175.55728216316916,177.3863208476538,177.38313858033789,-0.008771192112569604,-6.606138878724806,33.649698081239734,0.9767211928462227,1.0215217490833415,1,1,1,3,17,2023,0,0,0.7818314824680298,0.6234898018587336,0.49999999999999994,0.8660254037844387,0.3546048870425356,0.9350162426854148,0,64213.84814685067,283.0229966534268
2023-01-18,Storage,South,169.72289814718377,2,2,362.0,362.0,362.0,362.0,362.0,362.0,362.0,362.0,362.0,362.0,390.0,241.0,362.0,0.0,362.0,0.0,358.5,42.05230732937419,362.0,362.0,361.9999840480282,361.9497627781587,361.55717883537704,0.0,173.0667313250321,174.04355920251493,175.58363701459362,177.580656378503,178.77891266165742,179.97381209697164,180.7312550890539,182.71491169578547,183.40063511861095,106.0,188.0,177.10836625261808,2.955293021777156,179.19000214316995,3.108415613259064,170.278976842312,22.76872689092621,173.0667313250321,180.7312550890539,174.31200674410064,176.30642346699835,176.80761761296378,-0.0056125482721610664,-7.664523764021794,74.73125508905389,0.9771798702100776,1.0163716832109582,2,1,1,3,18,2023,0,0,0.9749279121818236,-0.22252093395631434,0.49999999999999994,0.8660254037844387,0.3546048870425356,0.9350162426854148,0,63822.92529505341,352.92390420982014
2023-01-19,Storage,South,166.79766859268122,2,2,362.0,362.0,362.0,362.0,362.0,362.0,362.0,362.0,362.0,362.0,436.0,344.0,362.0,0.0,362.0,0.0,362.53333333333336,35.71991942429547,362.0,362.0,361.9999920240141,361.96232208361903,361.6162216573268,0.0,169.72289814718377,173.0667313250321,174.04355920251493,175.58363701459362,177.580656378503,178.77891266165742,179.97381209697164,182.43154529563455,184.12275933850043,138.0,147.0,175.5357438323509,3.570956168533302,178.2620011754127,3.8305822884563887,169.66974011388479,22.52138622149601,169.72289814718377,179.97381209697164,172.01745244564222,174.6605421370447,175.86298835085978,-0.019321062761440633,-10.250913949787872,41.97381209697164,0.9668851111167198,1.0003132970731847,3,1,1,3,19,2023,0,0,0.43388373911755823,-0.900968867902419,0.49999999999999994,0.8660254037844387,0.3546048870425356,0.9350162426854148,0,63227.116253610184,157.06591356055608
2023-01-20,Storage,South,164.53205695655896,2,2,362.0,362.0,362.0,362.0,362.0,362.0,362.0,362.0,362.0,362.0,379.0,390.0,362.0,0.0,362.0,0.0,363.1333333333333,35.54863917404485,362.0,362.0,361.99999601200705,361.97174156271427,361.66739210301654,0.0,166.79766859268122,169.72289814718377,173.0667313250321,174.04355920251493,175.58363701459362,177.580656378503,178.77891266165742,182.65198968605284,186.18897571563147,112.0,106.0,173.65343761745228,4.2498301909544836,177.1452956966303,4.701399761449702,170.3296624003075,22.120702612511664,166.79766859268122,178.77891266165742,169.40756051916173,172.69482375095384,174.6542790497693,-0.01723532644349368,-11.981244068976196,66.77891266165742,0.9605203900403384,0.9792637715761499,4,1,1,3,20,2023,0,1,-0.433883739117558,-0.9009688679024191,0.49999999999999994,0.8660254037844387,0.3546048870425356,0.9350162426854148,0,62515.52619784529,-157.065913560556
2023-01-21,Storage,South,162.37662033108896,2,2,362.0,362.0,362.0,362.0,362.0,362.0,362.0,362.0,362.0,362.0,438.0,436.0,362.0,0.0,362.0,0.0,362.2,35.18463614547769,362.0,362.0,361.9999980060035,361.9788061720357,361.71173982261433,0.0,164.53205695655896,166.79766859268122,169.72289814718377,173.0667313250321,174.04355920251493,175.58363701459362,177.580656378503,181.37163813310673,186.11041479282196,127.5,138.0,171.61817251672394,4.766188246949183,175.85101478738073,5.495864922009691,172.28073096552615,18.54309588594257,164.53205695655896,177.580656378503,166.96980873786035,170.65413205235512,173.30464943734125,-0.013582993426933698,-13.048599421944033,50.080656378502994,0.9587099873226745,0.9550229737210676,5,1,1,3,21,2023,1,0,-0.9749279121818236,-0.2225209339563146,0.49999999999999994,0.8660254037844387,0.3546048870425356,0.9350162426854148,0,61776.795802952554,-352.92390420982014
2023-01-22,Storage,South,159.62638011613328,2,2,362.0,362.0,362.0,362.0,362.0,362.0,362.0,362.0,362.0,362.0,357.0,379.0,362.0,0.0,362.0,0.0,359.73333333333335,32.30878319071097,362.0,362.0,361.9999990030018,361.9841046290268,361.7501745129324,0.0,162.37662033108896,164.53205695655896,166.79766859268122,169.72289814718377,173.0667313250321,174.04355920251493,175.58363701459362,178.90058761952267,185.97916779329836,143.0,112.0,169.4461673670934,5.051915987026211,174.49422780152233,6.312190507393315,173.09328497656244,17.493507482654916,162.37662033108896,175.58363701459362,164.67321453447465,168.5847541220386,171.84757888984095,-0.013100405266549986,-13.207016683504662,32.58363701459362,0.9582785016378254,0.9380873406786872,6,1,1,3,22,2023,1,0,-0.7818314824680299,0.6234898018587334,0.49999999999999994,0.8660254037844387,0.3546048870425356,0.9350162426854148,0,61027.68099217797,-283.02299665342684
2023-01-23,Storage,South,155.66711765285064,2,2,362.0,362.0,362.0,362.0,362.0,362.0,362.0,362.0,362.0,362.0,206.0,438.0,362.0,0.0,362.0,0.0,359.1666666666667,32.107667290704484,362.0,362.0,361.9999995015009,361.9880784717701,361.78348457787473,0.0,159.62638011613328,162.37662033108896,164.53205695655896,166.79766859268122,169.72289814718377,173.0667313250321,174.04355920251493,180.18109572471093,184.77064129898218,160.0,127.5,167.16655923874188,5.408550734531919,173.11749869413737,7.301581822716379,174.68083098043354,13.452368468793592,159.62638011613328,174.04355920251493,162.14979732530395,166.34516062056227,170.21808572001328,-0.016937415062266314,-14.417179086381651,14.043559202514928,0.95489420783774,0.9138173794249701,0,1,1,4,23,2023,0,1,0.0,1.0,0.49999999999999994,0.8660254037844387,0.4647231720437685,0.8854560256532099,0,60216.94814464354,0.0
2023-01-24,Storage,South,152.03908242952258,2,2,362.0,362.0,362.0,362.0,362.0,362.0,362.0,362.0,362.0,362.0,362.0,357.0,362.0,0.0,362.0,0.0,356.6333333333333,28.46471903752183,362.0,362.0,361.9999997507505,361.99105885382755,361.8123533008248,0.0,155.66711765285064,159.62638011613328,162.37662033108896,164.53205695655896,166.79766859268122,169.72289814718377,173.0667313250321,180.64969808123973,183.63668120713507,184.0,143.0,164.54135330307557,5.947220795478355,171.36650026043307,8.342512629933376,175.61973490219523,10.759221498653995,155.66711765285064,173.0667313250321,158.9084574890773,163.67564987863435,168.2779566443916,-0.024803309204920576,-17.39961367218146,-10.933268674967906,0.9460668311148144,0.8863873803997948,1,1,1,4,24,2023,0,0,0.7818314824680298,0.6234898018587336,0.49999999999999994,0.8660254037844387,0.4647231720437685,0.8854560256532099,0,59250.585256065635,283.0229966534268
2023-01-25,Storage,South,148.93607511517587,2,2,362.0,362.0,362.0,362.0,362.0,362.0,362.0,362.0,362.0,362.0,362.0,206.0,362.0,0.0,362.0,0.0,356.8,28.481572990268642,362.0,362.0,361.99999987537524,361.99329414037066,361.8373728607148,0.0,152.03908242952258,155.66711765285064,159.62638011613328,162.37662033108896,164.53205695655896,166.79766859268122,169.72289814718377,180.7312550890539,182.71491169578547,183.40063511861095,160.0,161.5374034608599,6.227296298523422,169.32288485673902,9.338382103831643,175.92103764984597,9.907052757803338,152.03908242952258,169.72289814718377,155.47376995929994,160.7665080163564,166.1127734157424,-0.023306368602641236,-17.68381571766119,-13.67773697142718,0.9412004788424173,0.8642461617802397,2,1,1,4,25,2023,0,0,0.9749279121818236,-0.22252093395631434,0.49999999999999994,0.8660254037844387,0.4647231720437685,0.8854560256532099,0,58197.47590192102,352.92390420982014
2023-01-26,Storage,South,146.5041934623433,2,2,362.0,362.0,362.0,362.0,362.0,362.0,362.0,362.0,362.0,362.0,362.0,362.0,362.0,0.0,362.0,0.0,362.0,0.0,362.0,362.0,361.9999999376876,361.994970605278,361.85905647928615,0.0,148.93607511517587,152.03908242952258,155.66711765285064,159.62638011613328,162.37662033108896,164.53205695655896,166.79766859268122,179.97381209697164,182.43154529563455,184.12275933850043,184.0,158.5678573134302,6.617389184332484,167.05180057289058,10.178905452202603,175.55224015368518,10.69477724838651,148.93607511517587,166.79766859268122,152.2049225372379,157.80889979106126,163.82254697566685,-0.020409274146896417,-17.86159347750535,-17.32509074581921,0.9392576572534904,0.8483860652328074,3,1,1,4,26,2023,0,0,0.43388373911755823,-0.900968867902419,0.49999999999999994,0.8660254037844387,0.4647231720437685,0.8854560256532099,0,57126.82172436418,157.06591356055608
2022-12-30,Storage,West,134.3001321241473,2,3,546.0,546.0,272.0,266.0,357.0,241.0,353.0,530.0,208.0,540.0,330.0,219.0,366.42857142857144,125.1703601002212,367.14285714285717,111.92707594532402,385.73333333333335,119.90482816005347,241.0,546.0,416.69004033715964,376.57722905644346,373.1771165568882,1.0073529411764706,135.0,133.0,131.0,105.0,124.0,157.0,166.0,152.0,163.0,167.0,102.0,135.85714285714286,20.334113958473587,135.92857142857142,18.06596581639412,141.38333333333333,24.969527405431098,105.0,166.0,132.44062387133272,133.5193886223108,136.88823287735437,0.015037593984962516,-31.0,-1.0,0.9936908444207824,0.9548508714734113,4,12,4,52,30,2022,0,1,-0.433883739117558,-0.9009688679024191,-2.4492935982947064e-16,1.0,6.432490598706546e-16,1.0,0,72901.5861877817,-236.90052155818668
2022-12-31,Storage,West,134.8257651158777,2,3,546.0,546.0,546.0,272.0,266.0,357.0,241.0,353.0,546.0,318.0,220.0,461.0,368.7142857142857,128.75003467405915,391.2857142857143,111.41152306887952,396.6333333333333,119.08544696209071,241.0,546.0,481.3450201685798,418.9329217923326,396.2201676826365,0.0,134.3001321241473,135.0,133.0,131.0,105.0,124.0,157.0,111.0,192.0,116.0,118.0,131.3285903034496,15.44417404138845,134.66429515172482,17.464055495638142,142.46000440413823,23.885639780327104,105.0,157.0,133.37037799774,133.71457449776995,136.54315277692677,-0.005184206487797827,-22.699867875852703,41.0,1.0226267623158434,0.9427216554088808,5,12,4,52,31,2022,1,0,-0.9749279121818236,-0.2225209339563146,-2.4492935982947064e-16,1.0,6.432490598706546e-16,1.0,0,73008.1576757824,-532.3106400512756
2023-01-01,Storage,West,134.14528909189772,2,3,546.0,546.0,546.0,546.0,272.0,266.0,357.0,241.0,351.0,486.0,578.0,330.0,396.2857142857143,144.52302502336698,391.2857142857143,111.41152306887952,399.46666666666664,121.65319087707775,241.0,546.0,513.6725100842899,450.69969134424946,416.1908119916183,0.0,134.8257651158777,134.3001321241473,135.0,133.0,131.0,105.0,124.0,132.0,153.0,139.0,167.0,128.1608424628607,10.90948854677914,136.36613551714464,16.08724197168398,143.02086324133415,23.48568365001797,105.0,135.0,134.09807155680886,133.99237215229687,136.31416775545358,0.003913868016484745,10.825765115877687,-15.0,1.052004352288368,0.9426999747978867,6,1,1,52,1,2023,1,0,-0.7818314824680299,0.6234898018587334,0.49999999999999994,0.8660254037844387,6.432490598706546e-16,1.0,0,73159.83519515408,-426.87998942754433
2023-01-02,Storage,West,133.48966628491004,2,3,546.0,546.0,546.0,546.0,546.0,272.0,266.0,357.0,318.0,331.0,549.0,220.0,439.85714285714283,135.60534474647199,405.2142857142857,117.9831660557025,406.6666666666667,123.7735232490021,266.0,546.0,529.836255042145,474.5247685081871,433.4987037260692,0.0,134.14528909189772,134.8257651158777,134.3001321241473,135.0,133.0,131.0,105.0,145.0,124.0,147.0,116.0,129.61016947598893,10.938455040452446,136.51937045228019,16.052634319103696,141.9257062110641,23.09167524867347,105.0,135.0,134.1216803243533,134.03060138719707,136.02498393364615,-0.005047077043435433,29.145289091897723,-42.0,1.0349904532896896,0.945179641714973,0,1,1,1,2,2023,0,1,0.0,1.0,0.49999999999999994,0.8660254037844387,0.12053668025532305,0.992708874098054,0,73180.7083574096,0.0
2023-01-03,Storage,West,132.91447427835186,2,3,546.0,546.0,546.0,546.0,546.0,546.0,272.0,266.0,345.0,596.0,320.0,578.0,466.85714285714283,135.17325742841862,421.5,120.72266373163549,417.53333333333336,121.10176209126436,266.0,546.0,537.9181275210725,492.3935763811403,448.49887656259335,0.0,133.48966628491004,134.14528909189772,134.8257651158777,134.3001321241473,135.0,133.0,131.0,128.0,106.0,123.0,139.0,133.68012180240467,1.3746067504593098,135.69720375834518,15.878690384810495,142.50869508722775,22.63074408251254,131.0,135.0,133.80567330463168,133.89536761162532,135.68694158048135,-0.004887408357206913,2.4896662849100437,8.0,0.9985752816985654,0.936712424926004,1,1,1,1,3,2023,0,0,0.7818314824680298,0.6234898018587336,0.49999999999999994,0.8660254037844387,0.12053668025532305,0.992708874098054,0,73106.87071594743,426.8799894275443
2023-01-04,Storage,West,131.7064625284509,2,3,546.0,546.0,546.0,546.0,546.0,546.0,546.0,272.0,457.0,276.0,511.0,549.0,506.85714285714283,103.56226560452826,435.85714285714283,122.85817786428328,416.46666666666664,119.77327240085407,272.0,546.0,541.9590637605363,505.7951822858552,461.4990263542476,0.0,132.91447427835186,133.48966628491004,134.14528909189772,134.8257651158777,134.3001321241473,135.0,133.0,124.0,149.5,183.0,147.0,133.95361812788354,0.8383340509069305,136.04823763537033,15.749231969255916,142.30584422983947,22.690473796151387,132.91447427835186,135.0,133.36007379149177,133.65014427830695,135.31727927353074,-0.004308887890471902,-0.0855257216481391,-50.0,0.9922425026192117,0.9340057259326241,2,1,1,1,4,2023,0,0,0.9749279121818236,-0.22252093395631434,0.49999999999999994,0.8660254037844387,0.12053668025532305,0.992708874098054,0,72972.97877595559,532.3106400512756
2023-01-05,Storage,West,131.33100300943187,2,3,546.0,546.0,546.0,546.0,546.0,546.0,546.0,546.0,350.0,372.0,325.0,320.0,546.0,0.0,442.2142857142857,126.29098181545699,416.3666666666667,119.66000205563272,546.0,546.0,543.9795318802682,515.8463867143914,472.76582284034794,0.0,131.7064625284509,132.91447427835186,133.48966628491004,134.14528909189772,134.8257651158777,134.3001321241473,135.0,160.0,193.0,163.0,123.0,133.76882706051938,1.1631931961666482,136.59869924454537,15.427116157734124,141.7960596474545,22.753086805488863,131.7064625284509,135.0,132.53326815997133,133.16422384084296,134.83583704085345,-0.00908863956660666,-3.2935374715490866,-28.0,0.9845826149337615,0.9288442988265434,3,1,1,1,5,2023,0,0,0.43388373911755823,-0.900968867902419,0.49999999999999994,0.8660254037844387,0.12053668025532305,0.992708874098054,0,72707.66621710025,236.9005215581868
2023-01-06,Storage,West,131.48492024555563,2,3,546.0,546.0,546.0,546.0,546.0,546.0,546.0,546.0,530.0,208.0,540.0,511.0,546.0,0.0,456.2142857142857,126.14593415285609,423.9,120.49505641597776,546.0,546.0,544.989765940134,523.3847900357936,482.5303797949682,0.0,131.33100300943187,131.7064625284509,132.91447427835186,133.48966628491004,134.14528909189772,134.8257651158777,134.3001321241473,166.0,152.0,163.0,183.0,133.24468463329532,1.3305533171508968,134.5509137452191,13.910059056821904,142.0737597477689,22.565840714917744,131.33100300943187,134.8257651158777,131.9321355847016,132.70591863299018,134.3685258366639,-0.0028507296590548625,-2.969129114715429,-28.699867875852703,0.9856378315220006,0.9243860535415177,4,1,1,1,6,2023,0,1,-0.433883739117558,-0.9009688679024191,0.49999999999999994,0.8660254037844387,0.12053668025532305,0.992708874098054,0,72457.43157361263,-236.90052155818668
2023-01-07,Storage,West,130.22246166663925,2,3,546.0,546.0,546.0,546.0,546.0,546.0,546.0,546.0,353.0,546.0,318.0,325.0,546.0,0.0,457.35714285714283,126.93584517861295,425.06666666666666,121.5324373709889,546.0,546.0,545.494882970067,529.0385925268452,490.99299582230583,0.0,131.48492024555563,131.33100300943187,131.7064625284509,132.91447427835186,133.48966628491004,134.14528909189772,134.8257651158777,157.0,111.0,192.0,163.0,132.84251150778223,1.382800992725994,132.08555090561595,10.563470268161563,140.35659042262077,21.266781701342026,131.33100300943187,134.8257651158777,131.70852791512863,132.40066903613155,133.98404509118282,0.0011719794458031618,-3.3408448703220586,-57.17423488412231,0.9897804382302159,0.9367919163101355,5,1,1,1,7,2023,1,0,-0.9749279121818236,-0.2225209339563146,0.49999999999999994,0.8660254037844387,0.12053668025532305,0.992708874098054,0,72290.76529372782,-532.3106400512756
2023-01-08,Storage,West,129.88967989913172,2,3,546.0,546.0,546.0,546.0,546.0,546.0,546.0,546.0,241.0,351.0,486.0,540.0,546.0,0.0,471.14285714285717,125.19883087611984,432.43333333333334,121.95496153776674,546.0,546.0,545.7474414850335,533.2789443951339,498.3272630459984,0.0,130.22246166663925,131.48492024555563,131.33100300943187,131.7064625284509,132.91447427835186,133.48966628491004,134.14528909189772,124.0,132.0,153.0,163.0,132.1848967293196,1.3770135215377408,130.17286959609018,7.756655624155889,139.26400581150875,20.902209459540178,130.22246166663925,134.14528909189772,130.96549479088395,131.85611719375848,133.482500634577,-0.009601546523804183,-3.9228274252584754,-18.854710908102277,0.9851538557248883,0.9350762242744669,6,1,1,1,8,2023,1,0,-0.7818314824680299,0.6234898018587334,0.49999999999999994,0.8660254037844387,0.12053668025532305,0.992708874098054,0,71993.43998779212,-426.87998942754433
2023-01-09,Storage,West,129.99402810010716,2,3,546.0,546.0,546.0,546.0,546.0,546.0,546.0,546.0,357.0,318.0,331.0,318.0,546.0,0.0,492.92857142857144,107.33302903057903,432.6333333333333,122.14222442917008,546.0,546.0,545.8737207425168,536.4592082963504,504.6836279731986,0.0,129.88967989913172,130.22246166663925,131.48492024555563,131.33100300943187,131.7064625284509,132.91447427835186,133.48966628491004,105.0,145.0,124.0,192.0,131.57695255892446,1.3047801036373723,130.59356101745672,7.553156872759633,138.16032847481313,20.475473894320952,129.88967989913172,133.48966628491004,130.42758734500785,131.3645078701018,133.00345786985096,-0.002555486689841735,-3.5999863857783225,9.489666284910044,0.987176525872085,0.9401373056425061,0,1,1,2,9,2023,0,1,0.0,1.0,0.49999999999999994,0.8660254037844387,0.23931566428755774,0.970941817426052,0,71725.02129707558,0.0
2023-01-10,Storage,West,130.37369977939937,2,3,546.0,546.0,546.0,546.0,546.0,546.0,546.0,546.0,266.0,345.0,596.0,486.0,546.0,0.0,506.42857142857144,100.59569824547421,440.23333333333335,121.85652483013848,546.0,546.0,545.9368603712584,538.8444062222628,510.19247757677215,0.0,129.99402810010716,129.88967989913172,130.22246166663925,131.48492024555563,131.33100300943187,131.7064625284509,132.91447427835186,131.0,128.0,106.0,153.0,131.07757567538118,1.1042525266075125,132.37884873889294,1.8051180734247627,136.09346274481672,17.8092634924951,129.88967989913172,132.91447427835186,130.2108077225575,131.02188792760313,132.60220056721846,0.0008033602135018025,-2.9204461782447027,26.91447427835186,0.9917335321360307,0.9551820089159729,1,1,1,2,10,2023,0,0,0.7818314824680298,0.6234898018587336,0.49999999999999994,0.8660254037844387,0.23931566428755774,0.970941817426052,0,71537.95080847132,426.8799894275443
2023-01-11,Storage,West,131.4900641990118,2,3,546.0,546.0,546.0,546.0,546.0,546.0,546.0,546.0,272.0,457.0,276.0,331.0,546.0,0.0,526.4285714285714,73.22958028400426,442.23333333333335,123.11942151432886,546.0,546.0,545.9684301856291,540.6333046666971,514.9668138998692,0.0,130.37369977939937,129.99402810010716,129.88967989913172,130.22246166663925,131.48492024555563,131.33100300943187,131.7064625284509,133.0,124.0,149.5,124.0,130.71460788981653,0.7654266088222966,132.33411300885004,1.8491421477680345,135.33925273746337,17.545748893296988,129.88967989913172,131.7064625284509,130.29225375097843,130.8598408905522,132.30506712884258,0.0029206855487224903,-1.3327627490515397,-17.793537471549087,0.9973919586088154,0.9633103196527418,2,1,1,2,11,2023,0,0,0.9749279121818236,-0.22252093395631434,0.49999999999999994,0.8660254037844387,0.23931566428755774,0.970941817426052,0,71449.4731262415,532.3106400512756
2023-01-12,Storage,West,131.91940542232442,2,3,546.0,546.0,546.0,546.0,546.0,546.0,546.0,546.0,546.0,350.0,372.0,596.0,546.0,0.0,546.0,0.0,449.4,122.67804794777206,546.0,546.0,545.9842150928146,541.9749785000229,519.1045720465532,0.0,131.4900641990118,130.37369977939937,129.99402810010716,129.88967989913172,130.22246166663925,131.48492024555563,131.33100300943187,135.0,160.0,193.0,106.0,130.68369384275383,0.7218188226174288,132.22626045163662,1.8513489748230822,135.5889215440971,17.431752030707962,129.88967989913172,131.4900641990118,130.8911589749951,131.0173967176671,132.1964000715318,0.008562803859224699,0.15906118957994408,-61.66899699056813,1.006170389942129,0.9697699615265234,3,1,1,2,12,2023,0,0,0.43388373911755823,-0.900968867902419,0.49999999999999994,0.8660254037844387,0.23931566428755774,0.970941817426052,0,71535.49860784624,236.9005215581868
2023-01-13,Storage,West,132.5020229533952,2,3,546.0,546.0,546.0,546.0,546.0,546.0,546.0,546.0,546.0,530.0,208.0,276.0,546.0,0.0,546.0,0.0,447.73333333333335,120.9451096168418,546.0,546.0,545.9921075464073,542.9812338750171,522.6906291070128,0.0,131.91940542232442,131.4900641990118,130.37369977939937,129.99402810010716,129.88967989913172,130.22246166663925,131.48492024555563,134.3001321241473,166.0,152.0,149.5,130.76775133030992,0.8351296105224829,132.00621798180265,1.6705613205182146,136.45290172484124,16.53385305114234,129.88967989913172,131.91940542232442,131.40528219865976,131.24289889383144,132.15946745163748,0.0032651989785539293,0.4344851767687885,-20.515079754444372,1.0088068585067174,0.9667761021422998,4,1,1,2,13,2023,0,1,-0.433883739117558,-0.9009688679024191,0.49999999999999994,0.8660254037844387,0.23931566428755774,0.970941817426052,0,71658.62279603197,-236.90052155818668
2023-01-14,Storage,West,134.1592752655977,2,3,546.0,546.0,546.0,546.0,546.0,546.0,546.0,546.0,546.0,353.0,546.0,372.0,546.0,0.0,546.0,0.0,456.73333333333335,117.72818879427987,546.0,546.0,545.9960537732036,543.7359254062628,525.7985452260777,0.0,132.5020229533952,131.91940542232442,131.4900641990118,130.37369977939937,129.99402810010716,129.88967989913172,130.22246166663925,134.8257651158777,157.0,111.0,193.0,130.91305171714413,1.0432505444501765,131.87778161246322,1.5450395687437406,135.8863024899544,16.361679613702595,129.88967989913172,132.5020229533952,131.95365257602748,131.55767990872238,132.2051415185385,0.00441646571408949,2.27956128675595,19.222461666639248,1.0121375997524422,0.975094763418821,5,1,1,2,14,2023,1,0,-0.9749279121818236,-0.2225209339563146,0.49999999999999994,0.8660254037844387,0.23931566428755774,0.970941817426052,0,71830.49323016242,-532.3106400512756
2023-01-15,Storage,West,135.2631112882118,2,3,546.0,546.0,546.0,546.0,546.0,546.0,546.0,546.0,546.0,241.0,351.0,208.0,546.0,0.0,546.0,0.0,462.53333333333336,117.6959066271279,546.0,546.0,545.9980268866018,544.3019440546971,528.4920725292674,0.0,134.1592752655977,132.5020229533952,131.91940542232442,131.4900641990118,130.37369977939937,129.99402810010716,129.88967989913172,134.14528909189772,124.0,132.0,152.0,131.4754536598525,1.5479670153417775,131.83017519458605,1.4548537292418438,133.92494499880766,12.30227441430976,129.88967989913172,134.1592752655977,133.05646392081258,132.20807874794122,132.46569268481306,0.012507373663158461,4.269595366465978,-2.110320100868279,1.0204130924109651,1.0017497058896863,6,1,1,2,15,2023,1,0,-0.7818314824680299,0.6234898018587334,0.49999999999999994,0.8660254037844387,0.23931566428755774,0.970941817426052,0,72185.61099637591,-426.87998942754433
2023-01-16,Storage,West,135.7782539546969,2,3,546.0,546.0,546.0,546.0,546.0,546.0,546.0,546.0,546.0,357.0,318.0,546.0,546.0,0.0,546.0,0.0,473.8,108.29219731818173,546.0,546.0,545.9990134433009,544.7264580410229,530.8264628586984,0.0,135.2631112882118,134.1592752655977,132.5020229533952,131.91940542232442,131.4900641990118,130.37369977939937,129.99402810010716,133.48966628491004,105.0,145.0,111.0,132.24308671543537,1.9185089530166575,131.91001963717991,1.6136875550824759,133.36704870841473,11.82454831794838,129.99402810010716,135.2631112882118,134.1597876045122,132.97183688300885,132.8386818319329,0.008227802516291405,5.269083188104645,-15.005971899892842,1.0228369106087043,1.0142168667893794,0,1,1,3,16,2023,0,1,0.0,1.0,0.49999999999999994,0.8660254037844387,0.3546048870425356,0.9350162426854148,0,72602.62293812283,0.0
2023-01-17,Storage,West,136.03933669896134,2,3,546.0,546.0,546.0,546.0,546.0,546.0,546.0,546.0,546.0,266.0,345.0,351.0,546.0,0.0,546.0,0.0,473.8,108.29219731818173,546.0,546.0,545.9995067216505,545.0448435307671,532.8496011442053,0.0,135.7782539546969,135.2631112882118,134.1592752655977,132.5020229533952,131.91940542232442,131.4900641990118,130.37369977939937,132.91447427835186,131.0,128.0,132.0,133.06940469466244,2.030746683350685,132.07349018502185,1.8799687876691258,134.19299050690464,11.048235920915003,130.37369977939937,135.7782539546969,134.96902077960453,133.67344115093087,133.23062478163476,0.0038084490411245397,5.404554175297534,2.3736997793993737,1.0203566570835232,1.011813302840862,1,1,1,3,17,2023,0,0,0.7818314824680298,0.6234898018587336,0.49999999999999994,0.8660254037844387,0.3546048870425356,0.9350162426854148,0,72985.69886840826,426.8799894275443
2023-01-18,Storage,West,136.11504129353202,2,3,546.0,546.0,546.0,546.0,546.0,546.0,546.0,546.0,546.0,272.0,457.0,318.0,546.0,0.0,546.0,0.0,480.3,106.50470282639134,546.0,546.0,545.9997533608253,545.2836326480754,534.6029876583112,0.0,136.03933669896134,135.7782539546969,135.2631112882118,134.1592752655977,132.5020229533952,131.91940542232442,131.4900641990118,131.7064625284509,133.0,124.0,145.0,133.87878139745703,1.9022630882906202,132.2966946436368,2.1531528842068073,134.32763506353666,11.045201648399386,131.4900641990118,136.03933669896134,135.50417873928293,134.26491503793847,133.60511970394498,0.001922861258412789,4.549272499949524,7.490064199011812,1.0161381382681693,1.0127427287904853,2,1,1,3,18,2023,0,0,0.9749279121818236,-0.22252093395631434,0.49999999999999994,0.8660254037844387,0.3546048870425356,0.9350162426854148,0,73308.6436107144,532.3106400512756
2023-01-19,Storage,West,135.9338981151062,2,3,546.0,546.0,546.0,546.0,546.0,546.0,546.0,546.0,546.0,546.0,350.0,345.0,546.0,0.0,546.0,0.0,487.9,102.5866664724565,546.0,546.0,545.9998766804126,545.4627244860565,536.1225893038697,0.0,136.11504129353202,136.03933669896134,135.7782539546969,135.2631112882118,134.1592752655977,132.5020229533952,131.91940542232442,131.33100300943187,135.0,160.0,128.0,134.53949241095992,1.7296793685312082,132.6115931268569,2.3714977072058563,134.03146977332108,10.866846028299753,131.91940542232442,136.11504129353202,135.80961001640748,134.72744660183685,133.93977591588992,0.0005564904711217178,4.1956358712076,-28.080594577675583,1.0117106720311446,1.015545382798453,3,1,1,3,19,2023,0,0,0.43388373911755823,-0.900968867902419,0.49999999999999994,0.8660254037844387,0.3546048870425356,0.9350162426854148,0,73561.18584460292,236.9005215581868
2023-01-20,Storage,West,134.78271071188323,2,3,546.0,546.0,546.0,546.0,546.0,546.0,546.0,546.0,546.0,546.0,530.0,457.0,546.0,0.0,546.0,0.0,494.6,99.44764694430245,546.0,546.0,545.9999383402063,545.5970433645423,537.4395773966871,0.0,135.9338981151062,136.11504129353202,136.03933669896134,135.7782539546969,135.2631112882118,134.1592752655977,132.5020229533952,131.48492024555563,134.3001321241473,166.0,124.0,135.1129913670716,1.3371579549331147,132.94037134869072,2.4960967313085884,134.29593304382462,10.811399342912967,132.5020229533952,136.11504129353202,135.87175406575682,135.0290594801542,134.20565887578545,-0.0013308094146273763,3.431875161710991,-33.4979770466048,1.0060756980779788,1.0121966765631718,4,1,1,3,20,2023,0,1,-0.433883739117558,-0.9009688679024191,0.49999999999999994,0.8660254037844387,0.3546048870425356,0.9350162426854148,0,73725.86647616418,-236.90052155818668
2023-01-21,Storage,West,134.27468344104994,2,3,546.0,546.0,546.0,546.0,546.0,546.0,546.0,546.0,546.0,546.0,353.0,350.0,546.0,0.0,546.0,0.0,497.56666666666666,99.61466563310545,546.0,546.0,545.9999691701032,545.6977825234067,538.5809670771289,0.0,134.78271071188323,135.9338981151062,136.11504129353202,136.03933669896134,135.7782539546969,135.2631112882118,134.1592752655977,130.22246166663925,134.8257651158777,157.0,160.0,135.43880390399846,0.7390084537281767,133.1759278105713,2.503774783400858,134.6553567342207,10.635106909607885,134.1592752655977,136.11504129353202,135.32723238882002,134.96747228808647,134.2825991205985,-0.008468729427947075,0.6234354462855265,-22.8407247344023,0.9951557886782869,1.0009457698513111,5,1,1,3,21,2023,1,0,-0.9749279121818236,-0.2225209339563146,0.49999999999999994,0.8660254037844387,0.3546048870425356,0.9350162426854148,0,73692.23986929521,-532.3106400512756
2023-01-22,Storage,West,134.3514928501464,2,3,546.0,546.0,546.0,546.0,546.0,546.0,546.0,546.0,546.0,546.0,241.0,530.0,546.0,0.0,546.0,0.0,504.1,95.9631215085002,546.0,546.0,545.9999845850516,545.773336892555,539.5701714668451,0.0,134.27468344104994,134.78271071188323,135.9338981151062,136.11504129353202,136.03933669896134,135.7782539546969,135.2631112882118,129.88967989913172,134.14528909189772,124.0,166.0,135.45529078620592,0.7062673198895217,133.4653722230292,2.366544947962266,133.7978461822557,9.497356637451675,134.27468344104994,136.11504129353202,134.800957914935,134.79427507632732,134.28154369665867,-0.0037692317371421646,-0.9884278471618586,11.263111288211803,0.9912841474881663,1.0035638559874935,6,1,1,3,22,2023,1,0,-0.7818314824680299,0.6234898018587334,0.49999999999999994,0.8660254037844387,0.3546048870425356,0.9350162426854148,0,73597.67419167471,-426.87998942754433
2023-01-23,Storage,West,134.98966623208756,2,3,546.0,546.0,546.0,546.0,546.0,546.0,546.0,546.0,546.0,546.0,357.0,353.0,546.0,0.0,546.0,0.0,504.6333333333333,96.15629637903766,546.0,546.0,545.9999922925258,545.8300026694162,540.4274819379324,0.0,134.3514928501464,134.27468344104994,134.78271071188323,135.9338981151062,136.11504129353202,136.03933669896134,135.7782539546969,129.99402810010716,133.48966628491004,105.0,157.0,135.32505958076803,0.8221513363299628,133.78407314810167,2.1372988908553374,132.74289594392727,7.300765013859373,134.27468344104994,136.11504129353202,134.5762253825407,134.68357951978209,134.29087025045703,0.0005720319506854477,-1.4267611045505078,30.778253954696908,0.9928057099960391,1.0121181316910586,0,1,1,4,23,2023,0,1,0.0,1.0,0.49999999999999994,0.8660254037844387,0.4647231720437685,0.8854560256532099,0,73537.23441780102,0.0
2023-01-24,Storage,West,135.231812876474,2,3,546.0,546.0,546.0,546.0,546.0,546.0,546.0,546.0,546.0,546.0,266.0,241.0,546.0,0.0,546.0,0.0,511.06666666666666,92.02920575906151,546.0,546.0,545.9999961462629,545.8725020020622,541.170484346208,0.0,134.98966623208756,134.3514928501464,134.27468344104994,134.78271071188323,135.9338981151062,136.11504129353202,136.03933669896134,130.37369977939937,132.91447427835186,131.0,124.0,135.21240419182382,0.8035195309953539,134.1409044432431,1.8541226066982384,132.0092181516635,5.712135630256677,134.27468344104994,136.11504129353202,134.78294580731415,134.76010119785846,134.38404304800778,0.0047500282163068785,-1.0496704668737777,5.0393366989613355,0.9983526736365627,1.022577567684874,1,1,1,4,24,2023,0,0,0.7818314824680298,0.6234898018587336,0.49999999999999994,0.8660254037844387,0.4647231720437685,0.8854560256532099,0,73579.01525403072,426.8799894275443
2023-01-25,Storage,West,135.53435738502878,2,3,546.0,546.0,546.0,546.0,546.0,546.0,546.0,546.0,546.0,546.0,272.0,357.0,546.0,0.0,546.0,0.0,521.2333333333333,76.74304790858159,546.0,546.0,545.9999980731315,545.9043765015467,541.8144197667136,0.0,135.231812876474,134.98966623208756,134.3514928501464,134.27468344104994,134.78271071188323,135.9338981151062,136.11504129353202,131.4900641990118,131.7064625284509,133.0,105.0,135.09704364575418,0.7184781087709742,134.48791252160558,1.5191967530656492,132.38361191421262,5.534402534402916,134.27468344104994,136.11504129353202,135.00737934189408,134.87802911751234,134.49707902513663,0.0017938161575281608,-0.8832284170580067,3.115041293532016,1.0009975660909032,1.021514747177259,2,1,1,4,25,2023,0,0,0.9749279121818236,-0.22252093395631434,0.49999999999999994,0.8660254037844387,0.4647231720437685,0.8854560256532099,0,73643.40389816173,532.3106400512756
2023-01-26,Storage,West,135.25578372221557,2,3,546.0,546.0,546.0,546.0,546.0,546.0,546.0,546.0,546.0,546.0,546.0,266.0,546.0,0.0,546.0,0.0,527.5333333333333,70.28156835596876,546.0,546.0,545.9999990365657,545.92828237616,542.3724971311518,0.0,135.53435738502878,135.231812876474,134.98966623208756,134.3514928501464,134.27468344104994,134.78271071188323,135.9338981151062,131.91940542232442,131.33100300943187,135.0,131.0,135.01408880168228,0.6060828201506919,134.7767906063211,1.2692550415387376,133.40142382704693,2.010708348574556,134.27468344104994,135.9338981151062,135.27086836346143,135.04211118439144,134.6353828064556,0.002237228815612502,-0.39954073007740476,0.9338981151061887,1.0038534317722745,1.0159888289105397,3,1,1,4,26,2023,0,0,0.43388373911755823,-0.900968867902419,0.49999999999999994,0.8660254037844387,0.4647231720437685,0.8854560256532099,0,73732.99270667773,236.9005215581868
2023-01-27,Storage,West,134.7318608443094,2,3,546.0,546.0,546.0,546.0,546.0,546.0,546.0,546.0,546.0,546.0,546.0,272.0,546.0,0.0,546.0,0.0,536.8666666666667,50.02532691880518,546.0,546.0,545.9999995182828,545.94621178212,542.8561641803316,0.0,135.25578372221557,135.53435738502878,135.231812876474,134.98966623208756,134.3514928501464,134.27468344104994,134.78271071188323,132.5020229533952,131.48492024555563,134.3001321241473,133.0,134.91721531698366,0.47446360355274253,135.0151033420276,0.9692499701982545,133.5432832844541,1.9854087122165884,134.27468344104994,135.53435738502878,135.26332604283851,135.09552931884747,134.71810292855693,-0.002055373030041663,0.4730730103323424,0.48257858773592943,1.0025094455287045,1.0128235534039567,4,1,1,4,27,2023,0,1,-0.433883739117558,-0.9009688679024191,0.49999999999999994,0.8660254037844387,0.4647231720437685,0.8854560256532099,0,73762.15900809072,-236.90052155818668
2023-01-28,Storage,West,135.12996289528897,2,3,546.0,546.0,546.0,546.0,546.0,546.0,546.0,546.0,546.0,546.0,546.0,546.0,546.0,0.0,546.0,0.0,546.0,0.0,546.0,546.0,545.9999997591415,545.95965883659,543.2753422896207,0.0,134.7318608443094,135.25578372221557,135.53435738502878,135.231812876474,134.98966623208756,134.3514928501464,134.27468344104994,134.1592752655977,130.22246166663925,134.8257651158777,135.0,134.90995105018737,0.47724725794917483,135.17437747709292,0.657635001224066,133.60101197926443,1.9942258605552259,134.27468344104994,135.53435738502878,134.99759344357398,135.00461220021296,134.71993731732394,-0.0038735709741046787,0.45717740325946465,-0.5510816748277421,0.9986799253637588,1.008464365949235,5,1,1,4,28,2023,1,0,-0.9749279121818236,-0.2225209339563146,0.49999999999999994,0.8660254037844387,0.4647231720437685,0.8854560256532099,0,73712.51826131628,-532.3106400512756
